-- phpMyAdmin SQL Dump
-- version 5.2.0
-- https://www.phpmyadmin.net/
--
-- Хост: 127.0.0.1:3306
-- Время создания: Май 15 2025 г., 19:41
-- Версия сервера: 5.7.39
-- Версия PHP: 7.2.34

SET SQL_MODE = "NO_AUTO_VALUE_ON_ZERO";
START TRANSACTION;
SET time_zone = "+00:00";


/*!40101 SET @OLD_CHARACTER_SET_CLIENT=@@CHARACTER_SET_CLIENT */;
/*!40101 SET @OLD_CHARACTER_SET_RESULTS=@@CHARACTER_SET_RESULTS */;
/*!40101 SET @OLD_COLLATION_CONNECTION=@@COLLATION_CONNECTION */;
/*!40101 SET NAMES utf8mb4 */;

--
-- База данных: `SystemDocument`
--

-- --------------------------------------------------------

--
-- Структура таблицы `AcademicYears`
--

CREATE TABLE `AcademicYears` (
  `id` int(11) NOT NULL,
  `year` varchar(9) COLLATE utf8mb4_unicode_ci NOT NULL,
  `created_at` timestamp NULL DEFAULT CURRENT_TIMESTAMP
) ENGINE=InnoDB DEFAULT CHARSET=utf8mb4 COLLATE=utf8mb4_unicode_ci;

--
-- Дамп данных таблицы `AcademicYears`
--

INSERT INTO `AcademicYears` (`id`, `year`, `created_at`) VALUES
(1, '2022/2023', '2025-05-12 09:47:07'),
(2, '2023/2024', '2025-05-12 09:47:20'),
(5, '2024/2025', '2025-05-12 09:50:25'),
(6, '2025/2026', '2025-05-12 09:50:35');

-- --------------------------------------------------------

--
-- Структура таблицы `categories`
--

CREATE TABLE `categories` (
  `id` int(11) NOT NULL,
  `number` varchar(255) COLLATE utf8mb4_unicode_ci NOT NULL,
  `category_name` varchar(255) COLLATE utf8mb4_unicode_ci NOT NULL,
  `category_short` varchar(255) COLLATE utf8mb4_unicode_ci NOT NULL,
  `documents_list` text COLLATE utf8mb4_unicode_ci NOT NULL,
  `payment_frequency` varchar(255) COLLATE utf8mb4_unicode_ci NOT NULL,
  `max_amount` decimal(10,2) NOT NULL
) ENGINE=InnoDB DEFAULT CHARSET=utf8mb4 COLLATE=utf8mb4_unicode_ci;

--
-- Дамп данных таблицы `categories`
--

INSERT INTO `categories` (`id`, `number`, `category_name`, `category_short`, `documents_list`, `payment_frequency`, `max_amount`) VALUES
(1, '5.2.1', 'Обучающиеся, ставшие пострадавшими в результате автомобильных аварий, аварий на водном транспорте, на железнодорожном транспорте', '..', 'Врачебное заключение, и (или) иных подтверждающих аварию документов', 'Одноразовая выплата, но не позднее 6 месяцев со дня произошедшего события', '25000.00'),
(2, '5.2.2', 'Обучающиеся потерявшие близкого родственника в связи со смертью: супруг, супруга, мать, отец, брат, сестра, опекун, ребенок', '..', 'Копия свидетельства о смерти, копии документов, подтверждающих родство', 'Одноразовая выплата, но не позднее 6 месяцев со дня произошедшего события', '25000.00'),
(3, '5.2.3', 'Обучающиеся, в связи с необходимостью проезда к месту постоянного жительства на территории Российской Федерации в экстренных случаях, в случае тяжелой болезни или смерти близкого родственника', '..', 'проездные документы, посадочные талоны, копия медицинской справки, копия свидетельства смерти, копия документа, подтверждающего родство, копии паспорта с пропиской', 'I раз, но не позднее 2 месяцев со дня произошедшего события', '25000.00'),
(4, '5.2.4', 'Обучающиеся, в связи с утратой или повреждением имущества в результате стихийного бедствия, пожара, кражи, аварий систем водоснабжения, отопления и других чрезвычайных обстоятельств, требующих значительных финансовых затрат', '..', 'документы, подтверждающие наступление чрезвычайных обстоятельств, копия акта, постановления, справка и иные подтверждающие документы', 'Одноразовая выплата, но не позднее б месяцев со дня произошедшего события', '25000.00'),
(5, '5.2.5', 'Дети-сироты, обучающиеся из числа детеи-сирот и детей, оставшихся без попечения родителей, обучающиеся потерявшие в период обучения обоих или единственного родителя', 'Дети-сироты', 'копия справки с органов опеки и попечительства', '4 раза в учебный год', '10000.00'),
(6, '5.2.6', 'Обучающиеся, признанные в установленном порядке инвалидами 1, 2, 3 групп, инвалидами с детства, обучающиеся с ОВЗ', '..', 'Копия справки об инвалидности', '4 раза в учебный год', '10000.00'),
(7, '5.2.7', 'Обучающиеся, получающие (получившие) государственную социальную помощь', 'Получатели гсп', 'согласно списка получателей государственной социальной помощи', '4 раза в учебный год', '10000.00'),
(8, '5.2.8', 'Обучающиеся, имеющие родителя-инвалида', 'Родитель-инвалид', 'Копия удостоверения родителя-инвалида, документа подтверждающего родство, либо иных подтверждающих документов', '4 раза в учебный год', '10000.00'),
(9, '5.2.9', 'Обучающиеся, имеющие родителя-пенсионера по старости', 'Родитель-пенсионер по старости', 'Копия удостоверения родителя-пенсионера по старости, документ подтверждающий родство', '4 раза в учебный год', '10000.00'),
(10, '5.2.10', 'Обучающиеся, подвергшиеся воздействию радиации вследствие катастрофы на Чернобыльской АЭС и иных радиационных катастроф, вследствие ядерных испытаний на Семипалатинском полигоне', '..', 'Копия удостоверения\r\nКопия справки', '4 раза в учебный год', '10000.00'),
(11, '5.2.11', 'Обучающиеся из многодетных семей', 'Многодетная семья', 'Копия действующего удостоверения многодетной семьи\r\nДокумент, подтверждающий родство или иных документов', '4 раза в учебный год', '10000.00'),
(12, '5.2.12', 'Обучающиеся, имеющие детей', '..', 'Копия свидетельства о рождении ребенка', '4 раза в учебный год', '10000.00'),
(13, '5.2.13', 'Обучающиеся, имеющие детей, на приобретения инвентаря необходимого для воспитания ребёнка (коляски, кровати, стулья, ванны для купания и иное)', '..', 'Копия свидетельства о рождении ребенка\r\nОригиналы чеков, понесенных затрат на покупку необходимого инвентаря', '2 раза в учебный год', '25000.00'),
(14, '5.2.14', 'Обучающиеся, участники боевых действий, члены семей (брат, сестра, сын, дочь, мать, отец) участников боевых действий', '..', 'копия удостоверения участника боевых действия, документ подтверждающий родство', '4 раза в учебный год', '10000.00'),
(15, '5.2.15', 'Обучающиеся, члены неполных семей (в случае смерти одного из родителя и (или) в случае развода)', 'Неполная семья', 'Копия свидетельства о рождении\r\nКопия свидетельства о разводе\r\nКопия свидетельства о смерти, иные документы', '4 раза в учебный год', '10000.00'),
(16, '5.2.16', 'Обучающиеся, имеющие хронические заболевания, в том числе органов зрения', 'Хронические заболевания', 'справка из государственного медицинского учреждения, либо выписка из медицинской карты (срок давности не более 6 месяцев)', '4 раза в учебный год', '10000.00'),
(17, '5.2.17', 'Обучающиеся, не получающие государственные стипендии и проживающие в общежитии', '..', 'Оригинал справки о доходах за последние 3 месяца\r\nКопия договора\r\nКопии квитанции (чека) об оплате за проживание в общежитии за последние 3 месяца', '2 раза в учебный год', '25000.00'),
(18, '5.2.18', 'Обучающиеся, иностранные граждане, оформляющие полис добровольного медицинского страхования ДМС', '..', 'Копия договора об оказании платных медицинских услуг, оригиналы чеков, понесенных затраты на оформление полиса ДМС', '1 раз в учебный год', '25000.00'),
(19, '5.2.19', 'Обучающиеся члены студенческих семей, где оба супруга обучающиеся очной формы', '..', 'копия свидетельства о регистрации брака, оригиналы справок о доходах супругов за 3 месяца', '2 раза в учебный год', '10000.00'),
(20, '5.2.20', 'Не полные студенческие семьи, где один родитель - обучающийся воспитьгоает ребенка', '..', 'свидетельство о рождении ребенка, копия паспорта, копия свидетельства о расторжении брака', '4 раза в учебный год', '10000.00'),
(21, '5.2.21', 'Обучающиеся, находящиеся в отпуске по беременности и родам', '..', 'копия приказа о предоставлении отпуска по беременности и родам, медицинская справка', 'Разовая выплата по факту оформления отпуска по беременности и родам', '10000.00'),
(22, '5.2.22', 'Обучающиеся, находящиеся в отпуске по уходу за ребенком до достижения им возраста 1,5 и 3 лет', '...', 'копия приказа о предоставлении отпуска по уходу за ребенком, свидетельства о рождении', 'Единовременно', '10000.00'),
(23, '5.2.23', 'Обучающиеся, в течение 6 месяцев после рождения ребенка', '..', 'Копия свидетельства о рождении ребенка', 'Раз в семестр', '10000.00'),
(24, '5.2.24', 'Обучающиеся, в течение 6 месяцев после регистрации брака в органах ЗАГСа', '..', 'Копия свидетельства о регистрации брака', 'Разовая выплата по факту заключения брака', '10000.00'),
(25, '5.2.25', 'Обучающийся или его близкий родственник: супруг, супруга, мать, отец, брат, сестра, опекун, ребенок, в связи с необходимостью проведения лечения (за исключением ортодонтии, косметологических, пластических услуг)', '..', 'справка из медицинского учреждения (выписки из медицинской карты, договор об оказании платных медицинских услуг) или документы, подтверждающих затраты (оригиналы чеков), копии документов, подтверждающих родство', 'Одноразовая выплата, но не позднее 6 месяцев со дня произошедшего события (в тяжелых случаях, более 1 раза)', '25000.00'),
(26, '5.2.26', 'Обучающиеся, в связи с ухудшением материального положения в семье: потеря работы одного из родителей, признание близкого • родственника (супруг, супруга, мать, отец, брат, сестра, ребенок) инвалидом 1 и 2 группы', '..', 'справка о доходах всех членов семьи за последние 3 месяца, копии трудовой книжки, копии документов, подтверждающих родство и (или) иных документов, подтверждающих ухудшение материального положения', '1 раз в учебный год, но не позднее 2 месяцев со дня произошедшего события', '10000.00'),
(27, '5.2.27', 'Обучающиеся, в связи с возникновением дополнительных расходов (проезд к месту учебы, покупку сезонной одежды, обуви), если обучающийся является членом семьи, которой назначена государственная социальная помощь', '..', 'справки о назначении государственной социальной помощи, либо иного подтверждающего документа, проездные документы, посадочные талоны, копии документов, подтверждающих родство, оригиналы товарно-кассовых документов', '2 раза в учебный год, но не позднее 2 месяцев со дня произошедшего события', '25000.00'),
(28, '5.2.28', 'Обучающиеся, в связи с возникновением дополнительных расходов (проезд к месту учебы, покупку сезонной одежды, обуви), если обучающийся является членом неполной семьи', '..', 'копия паспорта родителя (семейное положение), проездные документы,посадочные талоны, копии документов подтверждающих родство\r\nОригиналы товарно-кассовых документов, копия свидетельства о расторжении брака, либо копия свидетельства о смерти', '2 раза в учебный год, но не позднее 2 месяцев со дня произошедшего события', '25000.00'),
(29, '5.2.29', 'Обучающиеся, в связи с возникновением дополнительных расходов (проезд к месту учебы, покупку сезонной одежды, обуви), если обучающийся является членом многодетной семьи', '..', 'копия действующего удостоверения или иного документа, проездные документы, посадочные талоны, копии документов подтверждающих родство, оригиналы товарно-кассовых документов', '2 раза в учебный год, но не позднее 2 месяцев со дня произошедшего события', '25000.00'),
(30, '5.2.30', 'Обучающиеся, в связи с возникновением дополнительных расходов (проезд к месту учебы, покупку сезонной одежды, обуви), если близкий родственник: мать, отец, опекун обучающегося, является пенсионером и (или) инвалидом 1 и 2 группы', '..', 'копия действующего удостоверения, проездные документы, посадочные талоны, копия документа, подтверждающего родство, оригиналы товарно кассовых документов, копия справки об инвалидности родителя', '2 раза в учебный год, но не позднее 2 месяцев со дня произошедшего события', '25000.00'),
(31, '5.2.31', 'Обучающиеся, находящиеся (оказавшиеся) в трудном материальном положении', '..', 'документ, подтверждающий трудное материальное положение, которое подтверждает ухудшение условий жизнедеятельности, и последствия которых он не может преодолеть самостоятельно', '1 раз, но не позднее 2 месяцев со дня произошедшего события', '10000.00');

-- --------------------------------------------------------

--
-- Структура таблицы `Directions`
--

CREATE TABLE `Directions` (
  `code` int(11) NOT NULL,
  `vsh_code` int(11) DEFAULT NULL,
  `direction_name` varchar(255) COLLATE utf8mb4_unicode_ci NOT NULL,
  `level` enum('Бакалавриат','Магистратура','Аспирантура') COLLATE utf8mb4_unicode_ci DEFAULT NULL,
  `notes` text COLLATE utf8mb4_unicode_ci
) ENGINE=InnoDB DEFAULT CHARSET=utf8mb4 COLLATE=utf8mb4_unicode_ci;

--
-- Дамп данных таблицы `Directions`
--

INSERT INTO `Directions` (`code`, `vsh_code`, `direction_name`, `level`, `notes`) VALUES
(1, 1, '09.03.01 Информатика и вычислительная техника', 'Бакалавриат', NULL),
(2, 1, '09.03.04 Программная инженерия', 'Бакалавриат', NULL),
(3, 1, '10.03.01 Информационная безопасность', 'Бакалавриат', NULL),
(4, 1, '01.04.02 Прикладная математика и информатика', 'Магистратура', NULL);

-- --------------------------------------------------------

--
-- Структура таблицы `Groups`
--

CREATE TABLE `Groups` (
  `id` int(11) NOT NULL,
  `direction_id` int(11) DEFAULT NULL,
  `group_name` varchar(50) COLLATE utf8mb4_unicode_ci NOT NULL,
  `notes` text COLLATE utf8mb4_unicode_ci,
  `updated_at` timestamp NULL DEFAULT CURRENT_TIMESTAMP ON UPDATE CURRENT_TIMESTAMP
) ENGINE=InnoDB DEFAULT CHARSET=utf8mb4 COLLATE=utf8mb4_unicode_ci;

--
-- Дамп данных таблицы `Groups`
--

INSERT INTO `Groups` (`id`, `direction_id`, `group_name`, `notes`, `updated_at`) VALUES
(1, 1, '1111б', '', '2025-05-02 03:34:16'),
(2, 1, '1121б', '', '2025-05-02 03:34:20'),
(3, 1, 'ИВТ31б', '', '2025-05-02 03:34:54'),
(4, 1, 'ИВТ41б', '', '2025-05-02 03:35:01'),
(5, 2, 'ПИ31б', '', '2025-05-02 03:35:45'),
(6, 2, 'ПИ41б', '', '2025-05-02 03:35:51'),
(7, 3, 'ИБ41б', '', '2025-05-07 03:46:19'),
(8, 3, 'ИБ42б', '', '2025-05-07 03:46:26'),
(9, 3, 'ИБ31б', '', '2025-05-12 07:33:30');

-- --------------------------------------------------------

--
-- Структура таблицы `Schools`
--

CREATE TABLE `Schools` (
  `code` int(11) NOT NULL,
  `name` varchar(255) COLLATE utf8mb4_unicode_ci NOT NULL,
  `abbreviation` varchar(50) COLLATE utf8mb4_unicode_ci DEFAULT NULL,
  `notes` text COLLATE utf8mb4_unicode_ci
) ENGINE=InnoDB DEFAULT CHARSET=utf8mb4 COLLATE=utf8mb4_unicode_ci;

--
-- Дамп данных таблицы `Schools`
--

INSERT INTO `Schools` (`code`, `name`, `abbreviation`, `notes`) VALUES
(1, 'Инженерная школа цифровых технологий', 'ИЩЦТ', NULL),
(2, 'Высшая школа гуманитарных наук', 'ВШГН', NULL),
(3, 'Высшая психолого-педагогическая школа', 'ВППШ', NULL),
(4, 'Высшая школа физической культуры и спорта', 'ВШФКиС', NULL),
(5, 'Высшая экологическая школа', 'ВЭШ', NULL),
(6, 'Высшая школа цифровой экономики', 'ВШЦЭ', NULL),
(7, 'Высшая нефтяная школа', 'ВНШ', NULL),
(8, 'Высшая школа права', 'ВШП', NULL),
(9, 'Политехническая школа', 'ПШ', NULL);

-- --------------------------------------------------------

--
-- Структура таблицы `StudentCategories`
--

CREATE TABLE `StudentCategories` (
  `id` int(11) NOT NULL,
  `student_id` int(11) NOT NULL,
  `category_id` int(11) NOT NULL,
  `academic_year` varchar(10) COLLATE utf8mb4_unicode_ci NOT NULL,
  `created_at` timestamp NULL DEFAULT CURRENT_TIMESTAMP
) ENGINE=InnoDB DEFAULT CHARSET=utf8mb4 COLLATE=utf8mb4_unicode_ci;

--
-- Дамп данных таблицы `StudentCategories`
--

INSERT INTO `StudentCategories` (`id`, `student_id`, `category_id`, `academic_year`, `created_at`) VALUES
(29, 2, 1, '2024-2025', '2025-05-12 05:03:16'),
(30, 41, 1, '2024-2025', '2025-05-12 05:03:57'),
(31, 96, 1, '2024-2025', '2025-05-12 05:59:42'),
(32, 99, 1, '2024-2025', '2025-05-12 05:59:49'),
(33, 181, 1, '2024-2025', '2025-05-12 05:59:56'),
(34, 47, 1, '2024-2025', '2025-05-12 06:00:01'),
(35, 118, 1, '2024-2025', '2025-05-12 06:00:10'),
(36, 196, 1, '2024-2025', '2025-05-12 06:00:20'),
(37, 32, 1, '2024-2025', '2025-05-12 06:00:25'),
(38, 60, 1, '2024-2025', '2025-05-12 06:00:35'),
(39, 155, 1, '2024-2025', '2025-05-12 06:00:42'),
(40, 125, 1, '2024-2025', '2025-05-12 06:00:48'),
(41, 94, 1, '2024-2025', '2025-05-12 06:00:54'),
(42, 95, 1, '2024-2025', '2025-05-12 06:00:58'),
(43, 200, 1, '2024-2025', '2025-05-12 06:01:20'),
(44, 200, 1, '2024-2025', '2025-05-12 06:11:28'),
(45, 219, 1, '2024-2025', '2025-05-12 07:36:41'),
(46, 96, 1, '2024/2025', '2025-05-12 09:52:00'),
(47, 99, 1, '2024/2025', '2025-05-12 09:52:14'),
(48, 181, 1, '2024/2025', '2025-05-12 09:52:29'),
(49, 47, 1, '2024/2025', '2025-05-12 09:52:35'),
(50, 118, 1, '2024/2025', '2025-05-12 09:52:44'),
(51, 32, 1, '2024/2025', '2025-05-12 09:52:52'),
(52, 196, 1, '2024/2025', '2025-05-12 09:52:56'),
(53, 60, 1, '2024/2025', '2025-05-12 09:53:04'),
(54, 155, 1, '2024/2025', '2025-05-12 09:53:10'),
(55, 125, 1, '2024/2025', '2025-05-12 09:53:15'),
(56, 94, 1, '2024/2025', '2025-05-12 09:53:20'),
(57, 95, 1, '2024/2025', '2025-05-12 09:53:25'),
(58, 219, 1, '2024/2025', '2025-05-12 09:53:30'),
(59, 200, 1, '2024/2025', '2025-05-12 09:53:35'),
(60, 99, 1, '2024/2025', '2025-05-12 09:54:20'),
(61, 74, 1, '2025/2026', '2025-05-12 09:56:56'),
(62, 75, 1, '2025/2026', '2025-05-12 09:57:01'),
(63, 40, 1, '2025/2026', '2025-05-12 09:57:06'),
(64, 133, 1, '2025/2026', '2025-05-12 09:57:13'),
(65, 134, 1, '2025/2026', '2025-05-12 09:57:17'),
(66, 99, 1, '2025/2026', '2025-05-12 09:57:24'),
(67, 217, 1, '2025/2026', '2025-05-12 09:57:33'),
(68, 70, 1, '2025/2026', '2025-05-12 09:57:41'),
(69, 95, 1, '2025/2026', '2025-05-12 09:57:46'),
(70, 128, 1, '2025/2026', '2025-05-12 09:57:51'),
(71, 156, 1, '2025/2026', '2025-05-12 09:57:55'),
(72, 125, 1, '2025/2026', '2025-05-12 09:57:59'),
(73, 60, 1, '2025/2026', '2025-05-12 09:58:04'),
(74, 31, 1, '2025/2026', '2025-05-12 09:58:11'),
(75, 118, 1, '2025/2026', '2025-05-12 09:58:16'),
(76, 74, 1, '2024/2025', '2025-05-12 09:58:56'),
(77, 75, 1, '2024/2025', '2025-05-12 09:59:03'),
(78, 40, 1, '2024/2025', '2025-05-12 09:59:06'),
(79, 133, 1, '2024/2025', '2025-05-12 09:59:09'),
(80, 134, 1, '2024/2025', '2025-05-12 09:59:13'),
(81, 99, 1, '2024/2025', '2025-05-12 09:59:18'),
(82, 137, 1, '2024/2025', '2025-05-12 09:59:24'),
(83, 180, 1, '2024/2025', '2025-05-12 09:59:29'),
(84, 22, 1, '2024/2025', '2025-05-12 09:59:35'),
(85, 81, 1, '2024/2025', '2025-05-12 09:59:41'),
(86, 138, 1, '2024/2025', '2025-05-12 09:59:45'),
(87, 83, 1, '2024/2025', '2025-05-12 09:59:53'),
(88, 217, 1, '2024/2025', '2025-05-12 10:00:02'),
(89, 70, 1, '2024/2025', '2025-05-12 10:00:14'),
(90, 60, 1, '2024/2025', '2025-05-12 10:00:21'),
(91, 132, 1, '2026/2027', '2025-05-13 05:44:32'),
(92, 97, 1, '2026/2027', '2025-05-13 05:44:36'),
(93, 97, 1, '2026/2027', '2025-05-13 05:44:36'),
(94, 207, 1, '2026/2027', '2025-05-14 05:06:15');

-- --------------------------------------------------------

--
-- Структура таблицы `StudentReasons`
--

CREATE TABLE `StudentReasons` (
  `id` int(11) NOT NULL,
  `student_id` int(11) NOT NULL,
  `month` int(2) NOT NULL,
  `category_id` int(11) DEFAULT NULL,
  `created_at` timestamp NULL DEFAULT CURRENT_TIMESTAMP,
  `amount` decimal(10,2) DEFAULT '0.00',
  `academic_year` varchar(9) COLLATE utf8mb4_unicode_ci NOT NULL DEFAULT '2024/2025',
  `semester` enum('1','2') COLLATE utf8mb4_unicode_ci DEFAULT NULL,
  `year` int(11) NOT NULL
) ENGINE=InnoDB DEFAULT CHARSET=utf8mb4 COLLATE=utf8mb4_unicode_ci;

--
-- Дамп данных таблицы `StudentReasons`
--

INSERT INTO `StudentReasons` (`id`, `student_id`, `month`, `category_id`, `created_at`, `amount`, `academic_year`, `semester`, `year`) VALUES
(50, 47, 9, 5, '2025-05-13 05:46:38', '10000.00', '2024/2025', NULL, 2024),
(51, 32, 9, 5, '2025-05-13 05:46:45', '10000.00', '2024/2025', NULL, 2024),
(52, 60, 9, 7, '2025-05-13 05:46:55', '10000.00', '2024/2025', NULL, 2024),
(53, 47, 10, 5, '2025-05-13 05:46:59', '10000.00', '2024/2025', NULL, 2024),
(54, 94, 9, 5, '2025-05-13 05:47:09', '10000.00', '2024/2025', NULL, 2024),
(55, 32, 10, 1, '2025-05-13 05:47:13', '25000.00', '2024/2025', NULL, 2024),
(56, 47, 11, 3, '2025-05-13 05:47:20', '25000.00', '2024/2025', NULL, 2024),
(57, 60, 11, 3, '2025-05-13 05:47:26', '25000.00', '2024/2025', NULL, 2024),
(58, 47, 12, 5, '2025-05-13 05:47:35', '10000.00', '2024/2025', NULL, 2024),
(59, 47, 1, 21, '2025-05-13 05:47:43', '10000.00', '2024/2025', NULL, 2025),
(60, 47, 2, 6, '2025-05-13 05:47:53', '10000.00', '2024/2025', NULL, 2025),
(61, 60, 10, 15, '2025-05-13 05:48:00', '10000.00', '2024/2025', NULL, 2024),
(62, 32, 11, 17, '2025-05-13 05:48:03', '25000.00', '2024/2025', NULL, 2024),
(63, 32, 12, 27, '2025-05-13 05:48:06', '25000.00', '2024/2025', NULL, 2024),
(64, 94, 10, 4, '2025-05-13 05:48:09', '25000.00', '2024/2025', NULL, 2024),
(65, 60, 12, 9, '2025-05-13 05:48:11', '10000.00', '2024/2025', NULL, 2024),
(66, 60, 1, 8, '2025-05-13 05:48:14', '10000.00', '2024/2025', NULL, 2025),
(67, 94, 1, 4, '2025-05-13 05:48:17', '25000.00', '2024/2025', NULL, 2025),
(68, 32, 2, 4, '2025-05-13 05:48:20', '25000.00', '2024/2025', NULL, 2025),
(69, 60, 2, 9, '2025-05-13 05:48:24', '10000.00', '2024/2025', NULL, 2025),
(70, 94, 2, 4, '2025-05-13 05:48:27', '25000.00', '2024/2025', NULL, 2025),
(71, 95, 3, 8, '2025-05-13 05:48:32', '10000.00', '2024/2025', NULL, 2025),
(72, 74, 3, 5, '2025-05-13 05:48:36', '10000.00', '2024/2025', NULL, 2025),
(73, 75, 3, 5, '2025-05-13 05:48:39', '10000.00', '2024/2025', NULL, 2025),
(74, 40, 3, 6, '2025-05-13 05:48:42', '10000.00', '2024/2025', NULL, 2025),
(75, 22, 4, 30, '2025-05-13 05:48:45', '25000.00', '2024/2025', NULL, 2025),
(76, 40, 5, 29, '2025-05-13 05:48:47', '25000.00', '2024/2025', NULL, 2025),
(77, 74, 4, 4, '2025-05-13 05:48:50', '25000.00', '2024/2025', NULL, 2025),
(78, 75, 4, 7, '2025-05-13 05:48:53', '10000.00', '2024/2025', NULL, 2025),
(79, 22, 5, 30, '2025-05-13 05:48:57', '25000.00', '2024/2025', NULL, 2025),
(80, 40, 6, 27, '2025-05-13 05:49:00', '25000.00', '2024/2025', NULL, 2025),
(81, 94, 11, 27, '2025-05-13 05:49:04', '25000.00', '2024/2025', NULL, 2024),
(82, 32, 1, 30, '2025-05-13 05:49:07', '25000.00', '2024/2025', NULL, 2025),
(83, 94, 12, 8, '2025-05-13 05:49:10', '10000.00', '2024/2025', NULL, 2024),
(84, 22, 3, 8, '2025-05-13 05:49:13', '10000.00', '2024/2025', NULL, 2025),
(85, 40, 4, 5, '2025-05-13 05:49:16', '10000.00', '2024/2025', NULL, 2025),
(86, 95, 4, 5, '2025-05-13 05:49:18', '10000.00', '2024/2025', NULL, 2025),
(87, 95, 5, 9, '2025-05-13 05:49:21', '10000.00', '2024/2025', NULL, 2025),
(88, 32, 4, 5, '2025-05-13 05:49:25', '10000.00', '2024/2025', NULL, 2025),
(89, 32, 5, 5, '2025-05-13 05:49:28', '10000.00', '2024/2025', NULL, 2025),
(90, 47, 4, 9, '2025-05-13 05:49:30', '10000.00', '2024/2025', NULL, 2025),
(91, 219, 10, 5, '2025-05-13 05:56:55', '10000.00', '2024/2025', NULL, 2024),
(92, 200, 11, 5, '2025-05-13 05:56:58', '10000.00', '2024/2025', NULL, 2024),
(93, 219, 9, 30, '2025-05-13 05:57:02', '25000.00', '2024/2025', NULL, 2024),
(94, 219, 12, 9, '2025-05-13 05:57:07', '10000.00', '2024/2025', NULL, 2024),
(95, 219, 1, 8, '2025-05-13 05:57:11', '10000.00', '2024/2025', NULL, 2025),
(96, 200, 2, 3, '2025-05-13 05:57:14', '25000.00', '2024/2025', NULL, 2025),
(97, 219, 3, 5, '2025-05-13 05:57:17', '10000.00', '2024/2025', NULL, 2025);

-- --------------------------------------------------------

--
-- Структура таблицы `Students`
--

CREATE TABLE `Students` (
  `id` int(11) NOT NULL,
  `group_id` int(11) NOT NULL,
  `full_name` varchar(255) COLLATE utf8mb4_unicode_ci NOT NULL,
  `phone` varchar(50) COLLATE utf8mb4_unicode_ci DEFAULT NULL,
  `telegram` varchar(255) COLLATE utf8mb4_unicode_ci DEFAULT NULL,
  `updated_at` timestamp NULL DEFAULT CURRENT_TIMESTAMP ON UPDATE CURRENT_TIMESTAMP,
  `budget` enum('РФ','ХМАО') COLLATE utf8mb4_unicode_ci DEFAULT NULL
) ENGINE=InnoDB DEFAULT CHARSET=utf8mb4 COLLATE=utf8mb4_unicode_ci;

--
-- Дамп данных таблицы `Students`
--

INSERT INTO `Students` (`id`, `group_id`, `full_name`, `phone`, `telegram`, `updated_at`, `budget`) VALUES
(1, 1, 'Балобанова Екатерина Андреевна', NULL, NULL, '2025-05-13 04:08:18', 'РФ'),
(2, 1, 'Бремов Алексей Романович', NULL, NULL, '2025-05-05 10:12:52', 'РФ'),
(3, 1, 'Гусейнов Эльвин Маарифович', NULL, NULL, '2025-05-13 04:08:22', 'РФ'),
(4, 1, 'Данилов Кирилл Геннадьевич', NULL, NULL, '2025-05-13 04:08:27', 'РФ'),
(5, 1, 'Ермилова Елена Романовна', NULL, NULL, '2025-05-13 04:08:31', 'РФ'),
(6, 1, 'Казаку Максим Васильевич', NULL, NULL, '2025-05-13 04:08:35', 'РФ'),
(7, 1, 'Казарян Владимир Артакович', NULL, NULL, '2025-05-13 04:08:39', 'РФ'),
(8, 1, 'Клёнов Кирилл Евгеньевич', NULL, NULL, '2025-05-13 04:08:45', 'РФ'),
(9, 1, 'Левчук Алексей Александрович', NULL, NULL, '2025-05-13 04:09:45', 'РФ'),
(10, 1, 'Лесовой Владислав Романович', NULL, NULL, '2025-05-13 04:09:39', 'РФ'),
(11, 1, 'Маразаков Икром Ибрагимович', NULL, NULL, '2025-05-13 04:09:35', 'РФ'),
(12, 1, 'Мойлашов Расул Арзу Оглы', NULL, NULL, '2025-05-13 04:09:31', 'РФ'),
(13, 1, 'Овсянкин Матвей Николаевич', NULL, NULL, '2025-05-13 04:09:27', 'РФ'),
(14, 1, 'Рожков Никита Алексеевич', NULL, NULL, '2025-05-13 04:09:22', 'РФ'),
(15, 1, 'Рязановский Дмитрий Антонович', NULL, NULL, '2025-05-13 04:09:19', 'РФ'),
(16, 1, 'Семак Андрей Павлович', NULL, NULL, '2025-05-13 04:09:15', 'РФ'),
(17, 1, 'Сулейманов Тимур Ахмедович', NULL, NULL, '2025-05-13 04:09:09', 'РФ'),
(18, 1, 'Тодоров Никита Владимирович', NULL, NULL, '2025-05-13 04:09:05', 'РФ'),
(19, 1, 'Федоров Михаил Олегович', NULL, NULL, '2025-05-13 04:09:01', 'РФ'),
(20, 1, 'Шаимкулов Шохзод Сайдирахманович', NULL, NULL, '2025-05-13 04:08:53', 'РФ'),
(21, 1, 'Школьников Виталий Сергеевич', NULL, NULL, '2025-05-13 04:08:50', 'РФ'),
(22, 2, 'Голошубин Александр Владимирович', NULL, NULL, '2025-05-02 10:47:27', 'РФ'),
(23, 2, 'Злобин Павел Александрович', NULL, NULL, '2025-05-13 04:09:58', 'РФ'),
(24, 2, 'Кадкин Арсений Александрович', NULL, NULL, '2025-05-13 04:10:02', 'РФ'),
(25, 2, 'Курлов Кирилл Андреевич', NULL, NULL, '2025-05-13 04:10:07', 'РФ'),
(26, 2, 'Майковский Даниил Евгеньевич', NULL, NULL, '2025-05-13 04:10:27', 'РФ'),
(27, 2, 'Малахин Антон Сергеевич', NULL, NULL, '2025-05-13 04:10:33', 'РФ'),
(28, 2, 'Малых Кирилл Алексеевич', NULL, NULL, '2025-05-13 04:10:38', 'РФ'),
(29, 2, 'Маслаков Юрий Алексеевич', NULL, NULL, '2025-05-05 10:57:50', 'РФ'),
(30, 2, 'Петрушов Александр Сергеевич', NULL, NULL, '2025-05-13 04:10:43', 'РФ'),
(31, 2, 'Прошенкова Виталия Витальевна', NULL, NULL, '2025-05-13 04:10:46', 'РФ'),
(32, 2, 'Растокин Максим Артёмович', NULL, NULL, '2025-05-12 06:03:27', 'РФ'),
(33, 2, 'Розмахов Илья Владимирович', NULL, NULL, '2025-05-13 04:10:51', 'РФ'),
(34, 2, 'Сиваков Вадим Александрович', NULL, NULL, '2025-05-13 04:11:00', 'РФ'),
(35, 2, 'Сирченко Михаил Сергеевич', NULL, NULL, '2025-05-13 04:11:06', 'РФ'),
(36, 2, 'Тешкина Анастасия Павловна', NULL, NULL, '2025-05-13 04:11:10', 'РФ'),
(37, 2, 'Трачук Илья Витальевич', NULL, NULL, '2025-05-13 04:11:14', 'РФ'),
(38, 2, 'Утев Даниил Антонович', NULL, NULL, '2025-05-13 04:11:17', 'РФ'),
(39, 2, 'Шакуров Анатолий Станиславович', NULL, NULL, '2025-05-13 04:11:22', 'РФ'),
(40, 3, 'Билан Виктор Александрович', NULL, NULL, '2025-05-13 03:46:30', 'РФ'),
(41, 3, 'Богданов Никита Алексеевич', NULL, NULL, '2025-05-12 05:00:19', 'РФ'),
(42, 3, 'Булатов Евгений Игоревич', NULL, NULL, '2025-05-13 04:12:12', 'РФ'),
(43, 3, 'Воронцов Павел Сергеевич', NULL, NULL, '2025-05-13 04:49:57', 'РФ'),
(44, 3, 'Гвоздев Артем Дмитриевич', NULL, NULL, '2025-05-13 04:50:01', 'РФ'),
(45, 3, 'Диколенко Ульяна Сергеевна', NULL, NULL, '2025-05-13 04:50:06', 'РФ'),
(46, 3, 'Ежова Ева Васильевна', NULL, NULL, '2025-05-13 04:50:14', 'РФ'),
(47, 3, 'Иванов Илья Александрович', NULL, NULL, '2025-05-05 08:45:14', 'РФ'),
(48, 3, 'Калинин Сергей Михайлович', NULL, NULL, '2025-05-13 04:50:10', 'РФ'),
(49, 3, 'Каргаева Арина Сергеевна', NULL, NULL, '2025-05-13 04:50:18', 'РФ'),
(50, 3, 'Катков Никита Вячеславович', NULL, NULL, '2025-05-13 04:50:23', 'РФ'),
(51, 3, 'Кульков Роман Михайлович', NULL, NULL, '2025-05-13 04:50:28', 'РФ'),
(52, 3, 'Лаврова Мария Александровна', NULL, NULL, '2025-05-13 04:50:33', 'РФ'),
(53, 3, 'Мартыненко Андрей Сергеевич', NULL, NULL, '2025-05-13 04:50:36', 'РФ'),
(54, 3, 'Монахов Виктор Михайлович', NULL, NULL, '2025-05-13 04:50:40', 'РФ'),
(55, 3, 'Ниязов Валерьян Ильдусович', NULL, NULL, '2025-05-14 06:48:36', 'РФ'),
(56, 3, 'Павловский Никита Вячеславович', NULL, NULL, '2025-05-14 06:48:42', 'РФ'),
(57, 3, 'Поляков Александр Геннадьевич', NULL, NULL, '2025-05-14 06:48:47', 'РФ'),
(58, 3, 'Просеков Никита Дмитриевич', NULL, NULL, '2025-05-14 06:48:52', 'РФ'),
(59, 3, 'Ромашин Кирилл Александрович', NULL, NULL, '2025-05-02 03:35:28', NULL),
(60, 3, 'Сиваткин Тимофей Максимович', NULL, NULL, '2025-05-12 06:03:35', 'РФ'),
(61, 3, 'Стенер Даниил Евгеньевич', NULL, NULL, '2025-05-02 03:35:28', NULL),
(62, 3, 'Суфиянов Денис Илфатович', NULL, NULL, '2025-05-02 03:35:28', NULL),
(63, 3, 'Тимощенко Дмитрий Евгеньевич', NULL, NULL, '2025-05-02 03:35:28', NULL),
(64, 3, 'Тихонов Ярослав Александрович', NULL, NULL, '2025-05-02 03:35:28', NULL),
(65, 3, 'Фролов Владислав Евгеньевич', NULL, NULL, '2025-05-02 03:35:28', NULL),
(66, 3, 'Хисматулин Азамат Маратович', NULL, NULL, '2025-05-02 03:35:28', NULL),
(67, 3, 'Ходырева Юлия Андреевна', NULL, NULL, '2025-05-02 03:35:28', NULL),
(68, 3, 'Холкина Анна Витальевна', NULL, NULL, '2025-05-02 03:35:28', NULL),
(69, 3, 'Чичкан Артём Сергеевич', NULL, NULL, '2025-05-02 03:35:28', NULL),
(70, 3, 'Швецова Софья Юрьевна', NULL, NULL, '2025-05-13 03:58:32', 'РФ'),
(71, 3, 'Шериф Вероника Денисовна', NULL, NULL, '2025-05-02 03:35:28', NULL),
(72, 3, 'Юдин Даниил Евгеньевич', NULL, NULL, '2025-05-02 03:35:28', NULL),
(73, 4, 'Анашкина Валерия Алексеевна', NULL, NULL, '2025-05-02 03:35:34', NULL),
(74, 4, 'Арсеньев Даниил Владимирович', NULL, NULL, '2025-05-12 14:08:07', 'РФ'),
(75, 4, 'Афанасьев Матвей Владимирович', NULL, NULL, '2025-05-13 05:56:50', 'РФ'),
(76, 4, 'Бадан Кирилл', NULL, NULL, '2025-05-11 19:03:17', 'ХМАО'),
(77, 4, 'Вохминцев Даниил Сергеевич', NULL, NULL, '2025-05-02 03:35:34', NULL),
(78, 4, 'Гюлушов Руслан Разимович', NULL, NULL, '2025-05-02 03:35:34', NULL),
(79, 4, 'Долгушин Дмитрий Владимирович', NULL, NULL, '2025-05-02 03:35:34', NULL),
(80, 4, 'Загайнова Арина Владиславовна', NULL, NULL, '2025-05-02 03:35:34', NULL),
(81, 4, 'Зайдуллин Радмир Фанзилевич', NULL, NULL, '2025-05-13 03:58:27', 'РФ'),
(82, 4, 'Иванов Кирилл Дмитриевич', NULL, NULL, '2025-05-02 03:35:34', NULL),
(83, 4, 'Идрисова Карина Рафисовна', NULL, NULL, '2025-05-13 03:58:29', 'РФ'),
(84, 4, 'Кашина Анастасия Николаевна', NULL, NULL, '2025-05-02 03:35:34', NULL),
(85, 4, 'Манойло Вадим Сергеевич', NULL, NULL, '2025-05-02 03:35:34', NULL),
(86, 4, 'Миннахметов Тимур Ильшатович', NULL, NULL, '2025-05-02 03:35:34', NULL),
(87, 4, 'Моздор Сергей Игоревич', NULL, NULL, '2025-05-02 03:35:34', NULL),
(88, 4, 'Питателев Матвей Владимирович', NULL, NULL, '2025-05-02 03:35:34', NULL),
(89, 4, 'Пономарёв Михаил Юрьевич', NULL, NULL, '2025-05-02 03:35:34', NULL),
(90, 4, 'Решетников Павел Николаевич', NULL, NULL, '2025-05-02 03:35:34', NULL),
(91, 4, 'Савков Алексей Васильевич', NULL, NULL, '2025-05-02 03:35:34', NULL),
(92, 4, 'Саликбаев Руслан Анатольевич', NULL, NULL, '2025-05-02 03:35:34', NULL),
(93, 4, 'Стрельцов Алексей Алексеевич', NULL, NULL, '2025-05-02 03:35:34', NULL),
(94, 4, 'Фирсов Дмитрий Иванович', NULL, NULL, '2025-05-07 07:09:05', 'РФ'),
(95, 4, 'Хандрыга Тимофей Константинович', NULL, NULL, '2025-05-12 06:03:41', 'РФ'),
(96, 5, 'Авраменко Егор Игоревич', NULL, NULL, '2025-05-07 06:43:33', 'РФ'),
(97, 5, 'Ахматкулов Асадбек Алимардонович', NULL, NULL, '2025-05-14 06:44:04', 'РФ'),
(98, 5, 'Белозеров Вячеслав Владимирович', NULL, NULL, '2025-05-02 03:35:59', NULL),
(99, 5, 'Боричевская Анастасия Леонидовна', NULL, NULL, '2025-05-07 07:09:00', 'РФ'),
(100, 5, 'Волобуев Анатолий Денисович', NULL, NULL, '2025-05-02 03:35:59', NULL),
(101, 5, 'Газизов Руслан Фидратович', NULL, NULL, '2025-05-02 03:35:59', NULL),
(102, 5, 'Герасимова Анастасия Максимовна', NULL, NULL, '2025-05-02 03:35:59', NULL),
(103, 5, 'Голубев Дмитрий Данилович', NULL, NULL, '2025-05-02 03:35:59', NULL),
(104, 5, 'Гриб Кирилл Тарасович', NULL, NULL, '2025-05-02 03:35:59', NULL),
(105, 5, 'Губина Варвара Андреевна', NULL, NULL, '2025-05-02 03:35:59', NULL),
(106, 5, 'Гусев Сергей Александрович', NULL, NULL, '2025-05-02 03:35:59', NULL),
(107, 5, 'Дядечков Иван Витальевич', NULL, NULL, '2025-05-02 03:35:59', NULL),
(108, 5, 'Карпенко Даниил Алексеевич', NULL, NULL, '2025-05-02 03:35:59', NULL),
(109, 5, 'Козлова Кристина Сергеевна', NULL, NULL, '2025-05-02 03:36:00', NULL),
(110, 5, 'Крендясов Андрей Владимирович', NULL, NULL, '2025-05-02 03:36:00', NULL),
(111, 5, 'Лех Владислав Сергеевич', NULL, NULL, '2025-05-02 03:36:00', NULL),
(112, 5, 'Маврин Савелий Алексеевич', NULL, NULL, '2025-05-02 03:36:00', NULL),
(113, 5, 'Меньшиков Никита Дмитриевич', NULL, NULL, '2025-05-02 03:36:00', NULL),
(114, 5, 'Микова Арина Александровна', NULL, NULL, '2025-05-02 03:36:00', NULL),
(115, 5, 'Миндияров Илья Арамисович', NULL, NULL, '2025-05-02 03:36:00', NULL),
(116, 5, 'Москаленко Олеся Григорьевна', NULL, NULL, '2025-05-02 03:36:00', NULL),
(117, 5, 'Новиков Кирилл Сергеевич', NULL, NULL, '2025-05-02 03:36:00', NULL),
(118, 5, 'Одинцов Кирилл Геннадьевич', NULL, NULL, '2025-05-12 06:03:46', 'РФ'),
(119, 5, 'Плесовских Никита Витальевич', NULL, NULL, '2025-05-02 03:36:00', NULL),
(120, 5, 'Семыкин Михаил Алексеевич', NULL, NULL, '2025-05-02 03:36:00', NULL),
(121, 5, 'Сироткин Денис Александрович', NULL, NULL, '2025-05-02 03:36:00', NULL),
(122, 5, 'Соколов Николай Леонидович', NULL, NULL, '2025-05-02 03:36:00', NULL),
(123, 5, 'Соловьев Илья Вячеславович', NULL, NULL, '2025-05-02 03:36:00', NULL),
(124, 5, 'Сукачёв Владимир Денисович', NULL, NULL, '2025-05-02 03:36:00', NULL),
(125, 5, 'Тарасов Кирилл Александрович', NULL, NULL, '2025-05-12 06:03:49', 'РФ'),
(126, 5, 'Токарев Александр Дмитриевич', NULL, NULL, '2025-05-02 03:36:00', NULL),
(127, 5, 'Уразов Михаил Нурисламович', NULL, NULL, '2025-05-02 03:36:00', NULL),
(128, 5, 'Фокейчев Артём Александрович', NULL, NULL, '2025-05-14 06:44:14', 'РФ'),
(129, 5, 'Хайтбаев Артур Камильевич', NULL, NULL, '2025-05-02 03:36:00', NULL),
(130, 5, 'Харитонов Артём Сергеевич', NULL, NULL, '2025-05-02 03:36:00', NULL),
(131, 5, 'Швецов Никита Дмитриевич', NULL, NULL, '2025-05-02 03:36:00', NULL),
(132, 6, 'Абдулрахман Абдул Фатао', NULL, NULL, '2025-05-13 03:48:06', 'РФ'),
(133, 6, 'Бойдаченко Максим Игоревич', NULL, NULL, '2025-05-13 03:58:36', 'РФ'),
(134, 6, 'Бондарь Сергей Максимович', NULL, NULL, '2025-05-13 03:58:38', 'РФ'),
(135, 6, 'Борисов Владимир Витальевич', NULL, NULL, '2025-05-13 04:07:59', 'РФ'),
(136, 6, 'Вторушин Павел Алексеевич', NULL, NULL, '2025-05-13 04:08:03', 'РФ'),
(137, 6, 'Гарифзянов Эмиль Эдуардович', NULL, NULL, '2025-05-13 03:58:41', 'РФ'),
(138, 6, 'Гришков Максим Юрьевич', NULL, NULL, '2025-05-13 03:58:50', 'РФ'),
(139, 6, 'Гусев Виктор Иванович', NULL, NULL, '2025-05-13 04:08:06', 'РФ'),
(140, 6, 'Долматова Мария Алексеевна', NULL, NULL, '2025-05-02 03:36:06', NULL),
(141, 6, 'Дудоров Егор Сергеевич', NULL, NULL, '2025-05-02 03:36:06', NULL),
(142, 6, 'Жестовский Павел Сергеевич', NULL, NULL, '2025-05-02 03:36:06', NULL),
(143, 6, 'Зиновьев Богдан Анатольевич', NULL, NULL, '2025-05-02 03:36:06', NULL),
(144, 6, 'Исмагулов Саян Ерикович', NULL, NULL, '2025-05-02 03:36:06', NULL),
(145, 6, 'Казаков Виталий Константинович', NULL, NULL, '2025-05-02 03:36:06', NULL),
(146, 6, 'Лейко Евгения Алексеевна', NULL, NULL, '2025-05-02 03:36:06', NULL),
(147, 6, 'Лымарь Алина Игоревна', NULL, NULL, '2025-05-02 03:36:06', NULL),
(148, 6, 'Песчанская Анна Алексеевна', NULL, NULL, '2025-05-02 03:36:06', NULL),
(149, 6, 'Петухов Степан Андреевич', NULL, NULL, '2025-05-02 03:36:06', NULL),
(150, 6, 'Полуянов Андрей Сергеевич', NULL, NULL, '2025-05-02 03:36:06', NULL),
(151, 6, 'Ракина Александра Константиновна', NULL, NULL, '2025-05-02 03:36:06', NULL),
(152, 6, 'Рассказов Максим Максимович', NULL, NULL, '2025-05-02 03:36:06', NULL),
(153, 6, 'Романов Глеб Сергеевич', NULL, NULL, '2025-05-02 03:36:06', NULL),
(154, 6, 'Рычкова Александра Алексеевна', NULL, NULL, '2025-05-02 03:36:06', NULL),
(155, 6, 'Сорокин Вадим Денисович', NULL, NULL, '2025-05-12 06:03:52', 'РФ'),
(156, 6, 'Федорова Александра Александровна', NULL, NULL, '2025-05-14 06:44:16', 'РФ'),
(157, 6, 'Шабуров Егор Сергеевич', NULL, NULL, '2025-05-02 03:36:06', NULL),
(158, 8, 'Батманов Владислав Андреевич', NULL, NULL, '2025-05-07 03:53:14', NULL),
(159, 8, 'Белобородов Тимофей Андреевич', NULL, NULL, '2025-05-07 03:53:14', NULL),
(160, 8, 'Варварин Владислав Максимович', NULL, NULL, '2025-05-07 03:53:14', NULL),
(161, 8, 'Драпеза Игорь Михайлович', NULL, NULL, '2025-05-07 03:53:14', NULL),
(162, 8, 'Еремкина Ева Сергеевна', NULL, NULL, '2025-05-07 03:53:14', NULL),
(163, 8, 'Затинацкий Михаил Дмитриевич', NULL, NULL, '2025-05-07 03:53:14', NULL),
(164, 8, 'Котов Павел Андреевич', NULL, NULL, '2025-05-07 03:53:14', NULL),
(165, 8, 'Кошмин Сергей Дмитриевич', NULL, NULL, '2025-05-07 03:53:14', NULL),
(166, 8, 'Куклин Данил Юрьевич', NULL, NULL, '2025-05-07 03:53:14', NULL),
(167, 8, 'Матвеева Адель Ильдаровна', NULL, NULL, '2025-05-07 03:53:14', NULL),
(168, 8, 'Миннуллин Малик Рафисович', NULL, NULL, '2025-05-07 03:53:14', NULL),
(169, 8, 'Нишанова Карина Рузильевна', NULL, NULL, '2025-05-07 03:53:14', NULL),
(170, 8, 'Пономарев Павел Дмитриевич', NULL, NULL, '2025-05-07 03:53:14', NULL),
(171, 8, 'Просеков Андрей Владимирович', NULL, NULL, '2025-05-07 03:53:14', NULL),
(172, 8, 'Раманов Вячеслав Евгеньевич', NULL, NULL, '2025-05-07 03:53:14', NULL),
(173, 8, 'Скрябин Иван Владимирович', NULL, NULL, '2025-05-07 03:53:14', NULL),
(174, 8, 'Солдаткин Роман Вячеславович', NULL, NULL, '2025-05-07 03:53:14', NULL),
(175, 8, 'Топычканов Владислав Сергеевич', NULL, NULL, '2025-05-07 03:53:14', NULL),
(176, 8, 'Шелепов Никита Евгеньевич', NULL, NULL, '2025-05-07 03:53:14', NULL),
(177, 7, 'Вахтомов Александр Владимирович', NULL, NULL, '2025-05-07 03:55:55', NULL),
(178, 7, 'Габбасов Феликс Азатович', NULL, NULL, '2025-05-07 03:56:40', NULL),
(179, 7, 'Гайнуллин Карим Алмазович', NULL, NULL, '2025-05-07 03:55:55', NULL),
(180, 7, 'Гильванов Руслан Эдуардович', NULL, NULL, '2025-05-13 03:59:19', 'ХМАО'),
(181, 7, 'Давыдов Георгий Денисович', NULL, NULL, '2025-05-07 07:04:21', 'РФ'),
(182, 7, 'Денисов Илья Сергеевич', NULL, NULL, '2025-05-07 03:55:55', NULL),
(183, 7, 'Евдокименко Александр Сергеевич', NULL, NULL, '2025-05-07 03:55:55', NULL),
(184, 7, 'Журавлева Анна Вячеславовна', NULL, NULL, '2025-05-07 03:55:55', NULL),
(185, 7, 'Захаров Максим Евгеньевич', NULL, NULL, '2025-05-07 03:55:55', NULL),
(186, 7, 'Иванов Артём Вячеславович', NULL, NULL, '2025-05-07 03:55:55', NULL),
(187, 7, 'Исаков Кирилл Александрович', NULL, NULL, '2025-05-07 03:55:55', NULL),
(188, 7, 'Куваев Максим Андреевич', NULL, NULL, '2025-05-07 03:55:55', NULL),
(189, 7, 'Лабзин Сергей Анатольевич', NULL, NULL, '2025-05-07 03:55:55', NULL),
(190, 7, 'Мальцева Милана Олеговна', NULL, NULL, '2025-05-07 03:55:55', NULL),
(191, 7, 'Мякишев Матвей Витальевич', NULL, NULL, '2025-05-07 03:55:55', NULL),
(192, 7, 'Пахтышев Максим Витальевич', NULL, NULL, '2025-05-07 03:55:55', NULL),
(193, 7, 'Петренко Екатерина Александровна', NULL, NULL, '2025-05-07 03:55:55', NULL),
(194, 7, 'Причислов Данил Сергеевич', NULL, NULL, '2025-05-07 03:55:55', NULL),
(195, 7, 'Рябухина Анастасия Павловна', NULL, NULL, '2025-05-07 03:55:55', NULL),
(196, 7, 'Седова Снежана Геннадьевна', NULL, NULL, '2025-05-12 06:03:54', 'РФ'),
(197, 7, 'Сефербеков Нурдин Сефербекович', NULL, NULL, '2025-05-07 03:55:55', NULL),
(198, 7, 'Солдатов Яков Егорович', NULL, NULL, '2025-05-07 03:55:55', NULL),
(199, 7, 'Степанов Серафим Викторович', NULL, NULL, '2025-05-07 03:55:55', NULL),
(200, 7, 'Тагаева Парвина Зарифжоновна', NULL, NULL, '2025-05-07 07:12:00', 'ХМАО'),
(201, 7, 'Талюко Юлия Владимировна', NULL, NULL, '2025-05-07 03:55:55', NULL),
(202, 7, 'Творогов Кирилл Евгеньевич', NULL, NULL, '2025-05-07 03:55:55', NULL),
(203, 7, 'Чагаев Серафим Александрович', NULL, NULL, '2025-05-07 03:55:55', NULL),
(204, 7, 'Шишкин Игорь Владимирович', NULL, NULL, '2025-05-07 03:55:55', NULL),
(205, 7, 'Явров Денис Максимович', NULL, NULL, '2025-05-07 03:55:55', NULL),
(206, 7, 'Явров Иван Александрович', NULL, NULL, '2025-05-07 03:55:55', NULL),
(207, 9, 'Адамов Владислав Ильич', NULL, NULL, '2025-05-14 06:44:07', 'РФ'),
(208, 9, 'Бевз Инесса Васильевна', NULL, NULL, '2025-05-12 07:34:57', NULL),
(209, 9, 'Возняк Матвей Романович', NULL, NULL, '2025-05-12 07:34:57', NULL),
(210, 9, 'Доронин Дмитрий Вадимович', NULL, NULL, '2025-05-12 07:34:57', NULL),
(211, 9, 'Жаковская Карина Андреевна', NULL, NULL, '2025-05-12 07:34:57', NULL),
(212, 9, 'Ковальчук Никита Васильевич', NULL, NULL, '2025-05-12 07:34:57', NULL),
(213, 9, 'Козлов Анатолий Дмитриевич', NULL, NULL, '2025-05-12 07:34:57', NULL),
(214, 9, 'Койнов Иван Юрьевич', NULL, NULL, '2025-05-12 07:34:57', NULL),
(215, 9, 'Лукашин Андрей Александрович', NULL, NULL, '2025-05-12 07:34:57', NULL),
(216, 9, 'Лустин Сергей Павлович', NULL, NULL, '2025-05-12 07:34:57', NULL),
(217, 9, 'Пономарева Ульяна Вячеславовна', NULL, NULL, '2025-05-12 10:00:33', 'ХМАО'),
(218, 9, 'Родионов Андрей Владимирович', NULL, NULL, '2025-05-12 07:34:57', NULL),
(219, 9, 'Садыков Даниил Ринатович', NULL, NULL, '2025-05-12 09:53:41', 'ХМАО'),
(220, 9, 'Седых Екатерина Владимировна', NULL, NULL, '2025-05-12 07:34:57', NULL);

-- --------------------------------------------------------

--
-- Структура таблицы `TemplateVariables`
--

CREATE TABLE `TemplateVariables` (
  `id` int(11) NOT NULL,
  `school_code` int(11) NOT NULL,
  `academic_year` varchar(9) COLLATE utf8mb4_unicode_ci NOT NULL,
  `placeholder` varchar(50) COLLATE utf8mb4_unicode_ci NOT NULL,
  `value` text COLLATE utf8mb4_unicode_ci NOT NULL,
  `created_at` timestamp NULL DEFAULT CURRENT_TIMESTAMP,
  `updated_at` timestamp NULL DEFAULT CURRENT_TIMESTAMP ON UPDATE CURRENT_TIMESTAMP,
  `commission_members` text COLLATE utf8mb4_unicode_ci,
  `decision` text COLLATE utf8mb4_unicode_ci
) ENGINE=InnoDB DEFAULT CHARSET=utf8mb4 COLLATE=utf8mb4_unicode_ci;

--
-- Дамп данных таблицы `TemplateVariables`
--

INSERT INTO `TemplateVariables` (`id`, `school_code`, `academic_year`, `placeholder`, `value`, `created_at`, `updated_at`, `commission_members`, `decision`) VALUES
(3, 1, '2024/2025', 'SCHOOL_CODE', '1', '2025-05-15 05:16:46', '2025-05-15 15:17:05', NULL, NULL),
(4, 1, '2024/2025', 'PROTOCOL_NUMBER', 'Протокол 5', '2025-05-15 05:16:46', '2025-05-15 15:17:05', NULL, NULL),
(5, 1, '2024/2025', 'DATE', '«15» апреля 2024/2025 г. г. Ханты-Мансийск', '2025-05-15 05:16:46', '2025-05-15 15:17:05', NULL, NULL),
(6, 1, '2024/2025', 'DAY', '15', '2025-05-15 05:16:46', '2025-05-15 15:17:05', NULL, NULL),
(7, 1, '2024/2025', 'MONTH', 'апреля', '2025-05-15 05:16:46', '2025-05-15 15:17:05', NULL, NULL),
(8, 1, '2024/2025', 'YEAR', '2024/2025', '2025-05-15 05:16:46', '2025-05-15 15:17:05', NULL, NULL),
(9, 1, '2024/2025', 'CITY', 'Ханты-Мансийск', '2025-05-15 05:16:46', '2025-05-15 15:17:05', NULL, NULL),
(10, 1, '2024/2025', 'CHAIRPERSON', 'Самарина О.В. – руководитель инженерной школы цифровых технологий, доцент инженерной школы цифровых технологий.', '2025-05-15 05:16:46', '2025-05-15 15:17:05', NULL, NULL),
(11, 1, '2024/2025', 'CHAIR_DEGREE', 'к.ф.-м.н., доцент', '2025-05-15 05:16:46', '2025-05-15 15:17:05', NULL, NULL),
(12, 1, '2024/2025', 'MEMBERS', '', '2025-05-15 05:16:46', '2025-05-15 15:17:05', NULL, NULL),
(13, 1, '2024/2025', 'SECRETARY', 'Шевченко А.С. – заместитель руководителя инженерной школы цифровых технологий по воспитательной работе, доцент инженерной школы цифровых технологий.', '2025-05-15 05:16:46', '2025-05-15 15:17:05', NULL, NULL),
(14, 1, '2024/2025', 'SECRETARY_DEGREE', 'канд. физ.-мат. наук, доцент', '2025-05-15 05:16:46', '2025-05-15 15:17:05', NULL, NULL),
(15, 1, '2024/2025', 'AGENDA', 'Оказание материальной поддержки нуждающимся студентам инженерной школы цифровых технологий.  ', '2025-05-15 05:16:46', '2025-05-15 15:17:05', NULL, NULL),
(16, 1, '2024/2025', 'LISTENED', 'Шевченко А.С. – заместитель руководителя инженерной школы цифровых технологий по воспитательной работе, доцент инженерной школы цифровых технологий;', '2025-05-15 05:16:46', '2025-05-15 15:17:05', NULL, NULL),
(17, 1, '2024/2025', 'DECISION', '', '2025-05-15 05:16:46', '2025-05-15 07:54:46', NULL, NULL),
(18, 1, '2024/2025', 'SIGN_CHAIR', 'Самарина О.В.', '2025-05-15 05:16:46', '2025-05-15 15:17:05', NULL, NULL),
(19, 1, '2024/2025', 'SIGN_SECRETARY', 'Шевченко А.С.', '2025-05-15 05:16:46', '2025-05-15 15:17:05', NULL, NULL),
(20, 7, '2025/2026', 'UNIVERSITY', '', '2025-05-15 05:23:18', '2025-05-15 05:23:18', NULL, NULL),
(21, 7, '2025/2026', 'SCHOOL_CODE', '7', '2025-05-15 05:23:18', '2025-05-15 05:23:18', NULL, NULL),
(22, 7, '2025/2026', 'SCHOOL', 'Высшая нефтяная школа', '2025-05-15 05:23:18', '2025-05-15 05:23:18', NULL, NULL),
(23, 7, '2025/2026', 'PROTOCOL_NUMBER', '', '2025-05-15 05:23:18', '2025-05-15 05:23:18', NULL, NULL),
(24, 7, '2025/2026', 'DAY', '', '2025-05-15 05:23:18', '2025-05-15 05:23:18', NULL, NULL),
(25, 7, '2025/2026', 'MONTH', '', '2025-05-15 05:23:18', '2025-05-15 05:23:18', NULL, NULL),
(26, 7, '2025/2026', 'YEAR', '2025/2026', '2025-05-15 05:23:18', '2025-05-15 05:23:18', NULL, NULL),
(27, 7, '2025/2026', 'CITY', '', '2025-05-15 05:23:18', '2025-05-15 05:23:18', NULL, NULL),
(28, 7, '2025/2026', 'CHAIRPERSON', '', '2025-05-15 05:23:18', '2025-05-15 05:23:18', NULL, NULL),
(29, 7, '2025/2026', 'CHAIR_DEGREE', '', '2025-05-15 05:23:18', '2025-05-15 05:23:18', NULL, NULL),
(30, 7, '2025/2026', 'SECRETARY', '', '2025-05-15 05:23:18', '2025-05-15 05:23:18', NULL, NULL),
(31, 7, '2025/2026', 'SECRETARY_DEGREE', '', '2025-05-15 05:23:18', '2025-05-15 05:23:18', NULL, NULL),
(32, 7, '2025/2026', 'AGENDA', '', '2025-05-15 05:23:18', '2025-05-15 05:23:18', NULL, NULL),
(33, 7, '2025/2026', 'SIGN_CHAIR', '', '2025-05-15 05:23:18', '2025-05-15 05:23:18', NULL, NULL),
(34, 7, '2025/2026', 'SIGN_SECRETARY', '', '2025-05-15 05:23:18', '2025-05-15 05:23:18', NULL, NULL),
(35, 7, '2025/2026', 'MEMBERS', '', '2025-05-15 05:23:18', '2025-05-15 05:23:18', NULL, NULL),
(37, 7, '2022/2023', 'UNIVERSITY', '', '2025-05-15 05:23:21', '2025-05-15 05:23:21', NULL, NULL),
(38, 7, '2022/2023', 'SCHOOL_CODE', '7', '2025-05-15 05:23:21', '2025-05-15 05:23:21', NULL, NULL),
(39, 7, '2022/2023', 'SCHOOL', 'Высшая нефтяная школа', '2025-05-15 05:23:21', '2025-05-15 05:23:21', NULL, NULL),
(40, 7, '2022/2023', 'PROTOCOL_NUMBER', '', '2025-05-15 05:23:21', '2025-05-15 05:23:21', NULL, NULL),
(41, 7, '2022/2023', 'DAY', '', '2025-05-15 05:23:21', '2025-05-15 05:23:21', NULL, NULL),
(42, 7, '2022/2023', 'MONTH', '', '2025-05-15 05:23:21', '2025-05-15 05:23:21', NULL, NULL),
(43, 7, '2022/2023', 'YEAR', '2022/2023', '2025-05-15 05:23:21', '2025-05-15 05:23:21', NULL, NULL),
(44, 7, '2022/2023', 'CITY', '', '2025-05-15 05:23:21', '2025-05-15 05:23:21', NULL, NULL),
(45, 7, '2022/2023', 'CHAIRPERSON', '', '2025-05-15 05:23:21', '2025-05-15 05:23:21', NULL, NULL),
(46, 7, '2022/2023', 'CHAIR_DEGREE', '', '2025-05-15 05:23:21', '2025-05-15 05:23:21', NULL, NULL),
(47, 7, '2022/2023', 'SECRETARY', '', '2025-05-15 05:23:21', '2025-05-15 05:23:21', NULL, NULL),
(48, 7, '2022/2023', 'SECRETARY_DEGREE', '', '2025-05-15 05:23:21', '2025-05-15 05:23:21', NULL, NULL),
(49, 7, '2022/2023', 'AGENDA', '', '2025-05-15 05:23:21', '2025-05-15 05:23:21', NULL, NULL),
(50, 7, '2022/2023', 'SIGN_CHAIR', '', '2025-05-15 05:23:21', '2025-05-15 05:23:21', NULL, NULL),
(51, 7, '2022/2023', 'SIGN_SECRETARY', '', '2025-05-15 05:23:21', '2025-05-15 05:23:21', NULL, NULL),
(52, 7, '2022/2023', 'MEMBERS', '', '2025-05-15 05:23:21', '2025-05-15 05:23:21', NULL, NULL),
(54, 7, '2023/2024', 'UNIVERSITY', '', '2025-05-15 05:23:22', '2025-05-15 05:23:22', NULL, NULL),
(55, 7, '2023/2024', 'SCHOOL_CODE', '7', '2025-05-15 05:23:22', '2025-05-15 05:23:22', NULL, NULL),
(56, 7, '2023/2024', 'SCHOOL', 'Высшая нефтяная школа', '2025-05-15 05:23:22', '2025-05-15 05:23:22', NULL, NULL),
(57, 7, '2023/2024', 'PROTOCOL_NUMBER', '', '2025-05-15 05:23:22', '2025-05-15 05:23:22', NULL, NULL),
(58, 7, '2023/2024', 'DAY', '', '2025-05-15 05:23:22', '2025-05-15 05:23:22', NULL, NULL),
(59, 7, '2023/2024', 'MONTH', '', '2025-05-15 05:23:22', '2025-05-15 05:23:22', NULL, NULL),
(60, 7, '2023/2024', 'YEAR', '2023/2024', '2025-05-15 05:23:22', '2025-05-15 05:23:22', NULL, NULL),
(61, 7, '2023/2024', 'CITY', '', '2025-05-15 05:23:22', '2025-05-15 05:23:22', NULL, NULL),
(62, 7, '2023/2024', 'CHAIRPERSON', '', '2025-05-15 05:23:22', '2025-05-15 05:23:22', NULL, NULL),
(63, 7, '2023/2024', 'CHAIR_DEGREE', '', '2025-05-15 05:23:22', '2025-05-15 05:23:22', NULL, NULL),
(64, 7, '2023/2024', 'SECRETARY', '', '2025-05-15 05:23:22', '2025-05-15 05:23:22', NULL, NULL),
(65, 7, '2023/2024', 'SECRETARY_DEGREE', '', '2025-05-15 05:23:22', '2025-05-15 05:23:22', NULL, NULL),
(66, 7, '2023/2024', 'AGENDA', '', '2025-05-15 05:23:22', '2025-05-15 05:23:22', NULL, NULL),
(67, 7, '2023/2024', 'SIGN_CHAIR', '', '2025-05-15 05:23:22', '2025-05-15 05:23:22', NULL, NULL),
(68, 7, '2023/2024', 'SIGN_SECRETARY', '', '2025-05-15 05:23:22', '2025-05-15 05:23:22', NULL, NULL),
(69, 7, '2023/2024', 'MEMBERS', '', '2025-05-15 05:23:22', '2025-05-15 05:23:22', NULL, NULL),
(71, 7, '2024/2025', 'UNIVERSITY', '', '2025-05-15 05:23:23', '2025-05-15 05:35:06', NULL, NULL),
(72, 7, '2024/2025', 'SCHOOL_CODE', '7', '2025-05-15 05:23:23', '2025-05-15 05:35:06', NULL, NULL),
(73, 7, '2024/2025', 'SCHOOL', 'Высшая нефтяная школа', '2025-05-15 05:23:23', '2025-05-15 05:35:06', NULL, NULL),
(74, 7, '2024/2025', 'PROTOCOL_NUMBER', '', '2025-05-15 05:23:23', '2025-05-15 05:35:06', NULL, NULL),
(75, 7, '2024/2025', 'DAY', '', '2025-05-15 05:23:23', '2025-05-15 05:35:06', NULL, NULL),
(76, 7, '2024/2025', 'MONTH', 'октября', '2025-05-15 05:23:23', '2025-05-15 05:35:06', NULL, NULL),
(77, 7, '2024/2025', 'YEAR', '2024/2025', '2025-05-15 05:23:23', '2025-05-15 05:35:06', NULL, NULL),
(78, 7, '2024/2025', 'CITY', '', '2025-05-15 05:23:23', '2025-05-15 05:35:06', NULL, NULL),
(79, 7, '2024/2025', 'CHAIRPERSON', '', '2025-05-15 05:23:23', '2025-05-15 05:35:06', NULL, NULL),
(80, 7, '2024/2025', 'CHAIR_DEGREE', '', '2025-05-15 05:23:23', '2025-05-15 05:35:06', NULL, NULL),
(81, 7, '2024/2025', 'SECRETARY', '', '2025-05-15 05:23:23', '2025-05-15 05:35:06', NULL, NULL),
(82, 7, '2024/2025', 'SECRETARY_DEGREE', '', '2025-05-15 05:23:23', '2025-05-15 05:35:06', NULL, NULL),
(83, 7, '2024/2025', 'AGENDA', '', '2025-05-15 05:23:23', '2025-05-15 05:35:06', NULL, NULL),
(84, 7, '2024/2025', 'SIGN_CHAIR', '', '2025-05-15 05:23:23', '2025-05-15 05:35:06', NULL, NULL),
(85, 7, '2024/2025', 'SIGN_SECRETARY', '', '2025-05-15 05:23:23', '2025-05-15 05:35:06', NULL, NULL),
(86, 7, '2024/2025', 'MEMBERS', '', '2025-05-15 05:23:23', '2025-05-15 05:35:06', NULL, NULL),
(122, 1, '', 'UNIVERSITY', 'ФГБОУ ВО «Югорский государственный университет»', '2025-05-15 05:30:58', '2025-05-15 05:43:34', NULL, NULL),
(123, 1, '', 'SCHOOL_CODE', '1', '2025-05-15 05:30:58', '2025-05-15 05:43:34', NULL, NULL),
(124, 1, '', 'SCHOOL', 'Инженерная школа цифровых технологий', '2025-05-15 05:30:58', '2025-05-15 05:43:34', NULL, NULL),
(125, 1, '', 'PROTOCOL_NUMBER', '', '2025-05-15 05:30:58', '2025-05-15 05:43:34', NULL, NULL),
(126, 1, '', 'DAY', '13', '2025-05-15 05:30:58', '2025-05-15 05:43:34', NULL, NULL),
(127, 1, '', 'MONTH', 'января', '2025-05-15 05:30:58', '2025-05-15 05:43:34', NULL, NULL),
(128, 1, '', 'YEAR', '', '2025-05-15 05:30:58', '2025-05-15 05:43:34', NULL, NULL),
(129, 1, '', 'CITY', '', '2025-05-15 05:30:58', '2025-05-15 05:43:34', NULL, NULL),
(130, 1, '', 'CHAIRPERSON', '', '2025-05-15 05:30:58', '2025-05-15 05:43:34', NULL, NULL),
(131, 1, '', 'CHAIR_DEGREE', '', '2025-05-15 05:30:58', '2025-05-15 05:43:34', NULL, NULL),
(132, 1, '', 'SECRETARY', '', '2025-05-15 05:30:58', '2025-05-15 05:43:34', NULL, NULL),
(133, 1, '', 'SECRETARY_DEGREE', '', '2025-05-15 05:30:58', '2025-05-15 05:43:34', NULL, NULL),
(134, 1, '', 'AGENDA', '', '2025-05-15 05:30:58', '2025-05-15 05:43:34', NULL, NULL),
(135, 1, '', 'SIGN_CHAIR', '', '2025-05-15 05:30:58', '2025-05-15 05:43:34', NULL, NULL),
(136, 1, '', 'SIGN_SECRETARY', '', '2025-05-15 05:30:58', '2025-05-15 05:43:34', NULL, NULL),
(137, 1, '', 'MEMBERS', '', '2025-05-15 05:30:58', '2025-05-15 05:43:34', NULL, NULL),
(139, 1, '2024/2025', 'UNIVERSITY', 'ФГБОУ ВО «Югорский государственный университет»', '2025-05-15 05:31:07', '2025-05-15 15:17:05', NULL, NULL),
(141, 1, '2024/2025', 'SCHOOL', 'Инженерная школа цифровых технологий', '2025-05-15 05:31:07', '2025-05-15 15:17:05', NULL, NULL),
(156, 7, '', 'UNIVERSITY', '', '2025-05-15 05:35:02', '2025-05-15 15:33:09', NULL, NULL),
(157, 7, '', 'SCHOOL_CODE', '7', '2025-05-15 05:35:02', '2025-05-15 15:33:09', NULL, NULL),
(158, 7, '', 'SCHOOL', 'Высшая нефтяная школа', '2025-05-15 05:35:02', '2025-05-15 15:33:09', NULL, NULL),
(159, 7, '', 'PROTOCOL_NUMBER', '', '2025-05-15 05:35:02', '2025-05-15 15:33:09', NULL, NULL),
(160, 7, '', 'DAY', '15', '2025-05-15 05:35:02', '2025-05-15 15:33:09', NULL, NULL),
(161, 7, '', 'MONTH', 'мая', '2025-05-15 05:35:02', '2025-05-15 15:33:09', NULL, NULL),
(162, 7, '', 'YEAR', '', '2025-05-15 05:35:02', '2025-05-15 15:33:09', NULL, NULL),
(163, 7, '', 'CITY', '', '2025-05-15 05:35:02', '2025-05-15 15:33:09', NULL, NULL),
(164, 7, '', 'CHAIRPERSON', '', '2025-05-15 05:35:02', '2025-05-15 15:33:09', NULL, NULL),
(165, 7, '', 'CHAIR_DEGREE', '', '2025-05-15 05:35:02', '2025-05-15 15:33:09', NULL, NULL),
(166, 7, '', 'SECRETARY', '', '2025-05-15 05:35:02', '2025-05-15 15:33:09', NULL, NULL),
(167, 7, '', 'SECRETARY_DEGREE', '', '2025-05-15 05:35:02', '2025-05-15 15:33:09', NULL, NULL),
(168, 7, '', 'AGENDA', '', '2025-05-15 05:35:02', '2025-05-15 15:33:09', NULL, NULL),
(169, 7, '', 'SIGN_CHAIR', '', '2025-05-15 05:35:02', '2025-05-15 15:33:09', NULL, NULL),
(170, 7, '', 'SIGN_SECRETARY', '', '2025-05-15 05:35:02', '2025-05-15 15:33:09', NULL, NULL),
(171, 7, '', 'MEMBERS', '', '2025-05-15 05:35:02', '2025-05-15 15:33:09', NULL, NULL),
(275, 1, '2025/2026', 'UNIVERSITY', '', '2025-05-15 05:43:35', '2025-05-15 15:33:19', NULL, NULL),
(276, 1, '2025/2026', 'SCHOOL_CODE', '1', '2025-05-15 05:43:35', '2025-05-15 15:33:19', NULL, NULL),
(277, 1, '2025/2026', 'SCHOOL', 'Инженерная школа цифровых технологий', '2025-05-15 05:43:35', '2025-05-15 15:33:19', NULL, NULL),
(278, 1, '2025/2026', 'PROTOCOL_NUMBER', '', '2025-05-15 05:43:35', '2025-05-15 15:33:19', NULL, NULL),
(279, 1, '2025/2026', 'DAY', '', '2025-05-15 05:43:35', '2025-05-15 15:33:19', NULL, NULL),
(280, 1, '2025/2026', 'MONTH', '', '2025-05-15 05:43:35', '2025-05-15 15:33:19', NULL, NULL),
(281, 1, '2025/2026', 'YEAR', '2025/2026', '2025-05-15 05:43:35', '2025-05-15 15:33:19', NULL, NULL),
(282, 1, '2025/2026', 'CITY', '', '2025-05-15 05:43:35', '2025-05-15 15:33:19', NULL, NULL),
(283, 1, '2025/2026', 'CHAIRPERSON', '', '2025-05-15 05:43:35', '2025-05-15 15:33:19', NULL, NULL),
(284, 1, '2025/2026', 'CHAIR_DEGREE', '', '2025-05-15 05:43:35', '2025-05-15 15:33:19', NULL, NULL),
(285, 1, '2025/2026', 'SECRETARY', '', '2025-05-15 05:43:35', '2025-05-15 15:33:19', NULL, NULL),
(286, 1, '2025/2026', 'SECRETARY_DEGREE', '', '2025-05-15 05:43:35', '2025-05-15 15:33:19', NULL, NULL),
(287, 1, '2025/2026', 'AGENDA', '', '2025-05-15 05:43:35', '2025-05-15 15:33:19', NULL, NULL),
(288, 1, '2025/2026', 'SIGN_CHAIR', '', '2025-05-15 05:43:35', '2025-05-15 15:33:19', NULL, NULL),
(289, 1, '2025/2026', 'SIGN_SECRETARY', '', '2025-05-15 05:43:35', '2025-05-15 15:33:19', NULL, NULL),
(290, 1, '2025/2026', 'MEMBERS', '', '2025-05-15 05:43:35', '2025-05-15 15:33:19', NULL, NULL),
(292, 1, '2025/2026', 'DATE', '«15» марта 2025/2026 г. г. Ханты-Мансийск', '2025-05-15 05:43:35', '2025-05-15 12:10:42', NULL, NULL),
(909, 1, '2025/2026', 'LISTENED', '', '2025-05-15 06:00:10', '2025-05-15 15:33:19', NULL, NULL),
(1173, 1, '2023/2024', 'UNIVERSITY', 'ФГБОУ ВО «Югорский государственный университет»', '2025-05-15 06:23:23', '2025-05-15 15:16:15', NULL, NULL),
(1174, 1, '2023/2024', 'SCHOOL_CODE', '1', '2025-05-15 06:23:23', '2025-05-15 15:16:15', NULL, NULL),
(1175, 1, '2023/2024', 'SCHOOL', 'Инженерная школа цифровых технологий', '2025-05-15 06:23:23', '2025-05-15 15:16:15', NULL, NULL),
(1176, 1, '2023/2024', 'PROTOCOL_NUMBER', '8', '2025-05-15 06:23:23', '2025-05-15 15:16:15', NULL, NULL),
(1177, 1, '2023/2024', 'DAY', '15', '2025-05-15 06:23:23', '2025-05-15 15:16:15', NULL, NULL),
(1178, 1, '2023/2024', 'MONTH', 'июня', '2025-05-15 06:23:23', '2025-05-15 15:16:15', NULL, NULL),
(1179, 1, '2023/2024', 'YEAR', '2023/2024', '2025-05-15 06:23:23', '2025-05-15 15:16:15', NULL, NULL),
(1180, 1, '2023/2024', 'CITY', 'Ханты-Мансийск', '2025-05-15 06:23:23', '2025-05-15 15:16:15', NULL, NULL),
(1181, 1, '2023/2024', 'CHAIRPERSON', 'Самарина О.В. – руководитель инженерной школы цифровых технологий, доцент инженерной школы цифровых технологий.', '2025-05-15 06:23:23', '2025-05-15 15:16:15', NULL, NULL),
(1182, 1, '2023/2024', 'CHAIR_DEGREE', 'к.ф.-м.н., доцент', '2025-05-15 06:23:23', '2025-05-15 15:16:15', NULL, NULL),
(1183, 1, '2023/2024', 'SECRETARY', 'Шевченко А.С. – заместитель руководителя инженерной школы цифровых технологий по воспитательной работе, доцент инженерной школы цифровых технологий.', '2025-05-15 06:23:23', '2025-05-15 15:16:15', NULL, NULL),
(1184, 1, '2023/2024', 'SECRETARY_DEGREE', 'канд. физ.-мат. наук, доцент', '2025-05-15 06:23:23', '2025-05-15 15:16:15', NULL, NULL),
(1185, 1, '2023/2024', 'AGENDA', 'Оказание материальной поддержки нуждающимся студентам инженерной школы цифровых технологий.  ', '2025-05-15 06:23:23', '2025-05-15 15:16:15', NULL, NULL),
(1186, 1, '2023/2024', 'LISTENED', 'Шевченко А.С. – заместитель руководителя инженерной школы цифровых технологий по воспитательной работе, доцент инженерной школы цифровых технологий;', '2025-05-15 06:23:23', '2025-05-15 15:16:15', NULL, NULL),
(1187, 1, '2023/2024', 'MEMBERS', '', '2025-05-15 06:23:23', '2025-05-15 15:16:15', NULL, NULL),
(1188, 1, '2023/2024', 'SIGN_CHAIR', 'Самарина О.В.', '2025-05-15 06:23:23', '2025-05-15 15:16:15', NULL, NULL),
(1189, 1, '2023/2024', 'SIGN_SECRETARY', 'Шевченко А.С.', '2025-05-15 06:23:23', '2025-05-15 15:16:15', NULL, NULL),
(1191, 1, '2023/2024', 'DATE', '«15» июня 2023/2024 г. г. Ханты-Мансийск', '2025-05-15 06:23:23', '2025-05-15 15:16:15', NULL, NULL),
(1412, 1, '2025/2026', 'DECISION', '', '2025-05-15 06:26:30', '2025-05-15 07:54:40', NULL, NULL),
(1565, 4, '2025/2026', 'UNIVERSITY', 'ФГБОУ ВО «Югорский государственный университет»', '2025-05-15 11:45:46', '2025-05-15 11:45:46', NULL, NULL),
(1566, 4, '2025/2026', 'SCHOOL_CODE', '4', '2025-05-15 11:45:46', '2025-05-15 11:45:46', NULL, NULL),
(1567, 4, '2025/2026', 'SCHOOL', 'Высшая школа физической культуры и спорта', '2025-05-15 11:45:46', '2025-05-15 11:45:46', NULL, NULL),
(1568, 4, '2025/2026', 'PROTOCOL_NUMBER', '8', '2025-05-15 11:45:46', '2025-05-15 11:45:46', NULL, NULL),
(1569, 4, '2025/2026', 'DAY', '15', '2025-05-15 11:45:46', '2025-05-15 11:45:46', NULL, NULL),
(1570, 4, '2025/2026', 'MONTH', 'ноября', '2025-05-15 11:45:46', '2025-05-15 11:45:46', NULL, NULL),
(1571, 4, '2025/2026', 'YEAR', '2025/2026', '2025-05-15 11:45:46', '2025-05-15 11:45:46', NULL, NULL),
(1572, 4, '2025/2026', 'CITY', 'Ханты-Мансийск', '2025-05-15 11:45:46', '2025-05-15 11:45:46', NULL, NULL),
(1573, 4, '2025/2026', 'CHAIRPERSON', 'Самарина О.В. – руководитель инженерной школы цифровых технологий, доцент инженерной школы цифровых технологий.', '2025-05-15 11:45:46', '2025-05-15 11:45:46', NULL, NULL),
(1574, 4, '2025/2026', 'CHAIR_DEGREE', 'к.ф.-м.н., доцент', '2025-05-15 11:45:46', '2025-05-15 11:45:46', NULL, NULL),
(1575, 4, '2025/2026', 'MEMBERS', '', '2025-05-15 11:45:46', '2025-05-15 11:45:46', NULL, NULL),
(1576, 4, '2025/2026', 'SECRETARY', 'Шевченко А.С. – заместитель руководителя инженерной школы цифровых технологий по воспитательной работе, доцент инженерной школы цифровых технологий.', '2025-05-15 11:45:46', '2025-05-15 11:45:46', NULL, NULL),
(1577, 4, '2025/2026', 'SECRETARY_DEGREE', 'канд. физ.-мат. наук, доцент', '2025-05-15 11:45:46', '2025-05-15 11:45:46', NULL, NULL),
(1578, 4, '2025/2026', 'AGENDA', 'Оказание материальной поддержки нуждающимся студентам инженерной школы цифровых технологий.  ', '2025-05-15 11:45:46', '2025-05-15 11:45:46', NULL, NULL),
(1579, 4, '2025/2026', 'LISTENED', 'Шевченко А.С. – заместитель руководителя инженерной школы цифровых технологий по воспитательной работе, доцент инженерной школы цифровых технологий;', '2025-05-15 11:45:46', '2025-05-15 11:45:46', NULL, NULL),
(1580, 4, '2025/2026', 'SIGN_CHAIR', 'Самарина О.В.', '2025-05-15 11:45:46', '2025-05-15 11:45:46', NULL, NULL),
(1581, 4, '2025/2026', 'SIGN_SECRETARY', 'Шевченко А.С.', '2025-05-15 11:45:46', '2025-05-15 11:45:46', NULL, NULL),
(1583, 4, '2025/2026', 'DATE', '«15» ноября 2025/2026 г. г. Ханты-Мансийск', '2025-05-15 11:45:46', '2025-05-15 11:45:46', NULL, NULL),
(2475, 4, '', 'SCHOOL_CODE', '4', '2025-05-15 15:33:06', '2025-05-15 15:33:06', NULL, NULL),
(2476, 4, '', 'SCHOOL', 'Высшая школа физической культуры и спорта', '2025-05-15 15:33:06', '2025-05-15 15:33:06', NULL, NULL),
(2477, 4, '', 'UNIVERSITY', '', '2025-05-15 15:33:06', '2025-05-15 15:33:06', NULL, NULL),
(2478, 4, '', 'PROTOCOL_NUMBER', '8', '2025-05-15 15:33:06', '2025-05-15 15:33:06', NULL, NULL),
(2479, 4, '', 'DAY', '15', '2025-05-15 15:33:06', '2025-05-15 15:33:06', NULL, NULL),
(2480, 4, '', 'MONTH', 'мая', '2025-05-15 15:33:06', '2025-05-15 15:33:06', NULL, NULL),
(2481, 4, '', 'YEAR', '', '2025-05-15 15:33:06', '2025-05-15 15:33:06', NULL, NULL),
(2482, 4, '', 'CITY', 'Ханты-Мансийск', '2025-05-15 15:33:06', '2025-05-15 15:33:06', NULL, NULL),
(2483, 4, '', 'CHAIRPERSON', 'Самарина О.В. – руководитель инженерной школы цифровых технологий, доцент инженерной школы цифровых технологий.', '2025-05-15 15:33:06', '2025-05-15 15:33:06', NULL, NULL),
(2484, 4, '', 'CHAIR_DEGREE', 'к.ф.-м.н., доцент', '2025-05-15 15:33:06', '2025-05-15 15:33:06', NULL, NULL),
(2485, 4, '', 'MEMBERS', '', '2025-05-15 15:33:06', '2025-05-15 15:33:06', NULL, NULL),
(2486, 4, '', 'SECRETARY', 'Шевченко А.С. – заместитель руководителя инженерной школы цифровых технологий по воспитательной работе, доцент инженерной школы цифровых технологий.', '2025-05-15 15:33:06', '2025-05-15 15:33:06', NULL, NULL),
(2487, 4, '', 'SECRETARY_DEGREE', 'канд. физ.-мат. наук, доцент', '2025-05-15 15:33:06', '2025-05-15 15:33:06', NULL, NULL),
(2488, 4, '', 'AGENDA', 'Оказание материальной поддержки нуждающимся студентам инженерной школы цифровых технологий.  ', '2025-05-15 15:33:06', '2025-05-15 15:33:06', NULL, NULL),
(2489, 4, '', 'LISTENED', 'Шевченко А.С. – заместитель руководителя инженерной школы цифровых технологий по воспитательной работе, доцент инженерной школы цифровых технологий;', '2025-05-15 15:33:06', '2025-05-15 15:33:06', NULL, NULL),
(2490, 4, '', 'SIGN_CHAIR', 'Самарина О.В.', '2025-05-15 15:33:06', '2025-05-15 15:33:06', NULL, NULL),
(2491, 4, '', 'SIGN_SECRETARY', 'Шевченко А.С.', '2025-05-15 15:33:06', '2025-05-15 15:33:06', NULL, NULL),
(2493, 5, '', 'SCHOOL_CODE', '5', '2025-05-15 15:33:07', '2025-05-15 15:33:07', NULL, NULL),
(2494, 5, '', 'SCHOOL', 'Высшая экологическая школа', '2025-05-15 15:33:07', '2025-05-15 15:33:07', NULL, NULL),
(2495, 5, '', 'UNIVERSITY', '', '2025-05-15 15:33:07', '2025-05-15 15:33:07', NULL, NULL),
(2496, 5, '', 'PROTOCOL_NUMBER', '8', '2025-05-15 15:33:07', '2025-05-15 15:33:07', NULL, NULL),
(2497, 5, '', 'DAY', '15', '2025-05-15 15:33:07', '2025-05-15 15:33:07', NULL, NULL),
(2498, 5, '', 'MONTH', 'мая', '2025-05-15 15:33:07', '2025-05-15 15:33:07', NULL, NULL),
(2499, 5, '', 'YEAR', '', '2025-05-15 15:33:07', '2025-05-15 15:33:07', NULL, NULL),
(2500, 5, '', 'CITY', 'Ханты-Мансийск', '2025-05-15 15:33:07', '2025-05-15 15:33:07', NULL, NULL),
(2501, 5, '', 'CHAIRPERSON', 'Самарина О.В. – руководитель инженерной школы цифровых технологий, доцент инженерной школы цифровых технологий.', '2025-05-15 15:33:07', '2025-05-15 15:33:07', NULL, NULL),
(2502, 5, '', 'CHAIR_DEGREE', 'к.ф.-м.н., доцент', '2025-05-15 15:33:07', '2025-05-15 15:33:07', NULL, NULL),
(2503, 5, '', 'MEMBERS', '', '2025-05-15 15:33:07', '2025-05-15 15:33:07', NULL, NULL),
(2504, 5, '', 'SECRETARY', 'Шевченко А.С. – заместитель руководителя инженерной школы цифровых технологий по воспитательной работе, доцент инженерной школы цифровых технологий.', '2025-05-15 15:33:07', '2025-05-15 15:33:07', NULL, NULL),
(2505, 5, '', 'SECRETARY_DEGREE', 'канд. физ.-мат. наук, доцент', '2025-05-15 15:33:07', '2025-05-15 15:33:07', NULL, NULL),
(2506, 5, '', 'AGENDA', 'Оказание материальной поддержки нуждающимся студентам инженерной школы цифровых технологий.  ', '2025-05-15 15:33:07', '2025-05-15 15:33:07', NULL, NULL),
(2507, 5, '', 'LISTENED', 'Шевченко А.С. – заместитель руководителя инженерной школы цифровых технологий по воспитательной работе, доцент инженерной школы цифровых технологий;', '2025-05-15 15:33:07', '2025-05-15 15:33:07', NULL, NULL),
(2508, 5, '', 'SIGN_CHAIR', 'Самарина О.В.', '2025-05-15 15:33:07', '2025-05-15 15:33:07', NULL, NULL),
(2509, 5, '', 'SIGN_SECRETARY', 'Шевченко А.С.', '2025-05-15 15:33:07', '2025-05-15 15:33:07', NULL, NULL),
(2525, 7, '', 'LISTENED', '', '2025-05-15 15:33:09', '2025-05-15 15:33:09', NULL, NULL),
(2547, 6, '2025/2026', 'SCHOOL_CODE', '6', '2025-05-15 15:33:14', '2025-05-15 15:33:14', NULL, NULL),
(2548, 6, '2025/2026', 'SCHOOL', 'Высшая школа цифровой экономики', '2025-05-15 15:33:14', '2025-05-15 15:33:14', NULL, NULL),
(2549, 6, '2025/2026', 'UNIVERSITY', '', '2025-05-15 15:33:14', '2025-05-15 15:33:14', NULL, NULL),
(2550, 6, '2025/2026', 'PROTOCOL_NUMBER', '', '2025-05-15 15:33:14', '2025-05-15 15:33:14', NULL, NULL),
(2551, 6, '2025/2026', 'DAY', '', '2025-05-15 15:33:14', '2025-05-15 15:33:14', NULL, NULL),
(2552, 6, '2025/2026', 'MONTH', '', '2025-05-15 15:33:14', '2025-05-15 15:33:14', NULL, NULL),
(2553, 6, '2025/2026', 'YEAR', '2025/2026', '2025-05-15 15:33:14', '2025-05-15 15:33:14', NULL, NULL),
(2554, 6, '2025/2026', 'CITY', '', '2025-05-15 15:33:14', '2025-05-15 15:33:14', NULL, NULL),
(2555, 6, '2025/2026', 'CHAIRPERSON', '', '2025-05-15 15:33:14', '2025-05-15 15:33:14', NULL, NULL),
(2556, 6, '2025/2026', 'CHAIR_DEGREE', '', '2025-05-15 15:33:14', '2025-05-15 15:33:14', NULL, NULL),
(2557, 6, '2025/2026', 'MEMBERS', '', '2025-05-15 15:33:14', '2025-05-15 15:33:14', NULL, NULL),
(2558, 6, '2025/2026', 'SECRETARY', '', '2025-05-15 15:33:14', '2025-05-15 15:33:14', NULL, NULL),
(2559, 6, '2025/2026', 'SECRETARY_DEGREE', '', '2025-05-15 15:33:14', '2025-05-15 15:33:14', NULL, NULL),
(2560, 6, '2025/2026', 'AGENDA', '', '2025-05-15 15:33:14', '2025-05-15 15:33:14', NULL, NULL),
(2561, 6, '2025/2026', 'LISTENED', '', '2025-05-15 15:33:14', '2025-05-15 15:33:14', NULL, NULL),
(2562, 6, '2025/2026', 'SIGN_CHAIR', '', '2025-05-15 15:33:14', '2025-05-15 15:33:14', NULL, NULL),
(2563, 6, '2025/2026', 'SIGN_SECRETARY', '', '2025-05-15 15:33:14', '2025-05-15 15:33:14', NULL, NULL);

--
-- Индексы сохранённых таблиц
--

--
-- Индексы таблицы `AcademicYears`
--
ALTER TABLE `AcademicYears`
  ADD PRIMARY KEY (`id`),
  ADD UNIQUE KEY `unique_year` (`year`);

--
-- Индексы таблицы `categories`
--
ALTER TABLE `categories`
  ADD PRIMARY KEY (`id`),
  ADD UNIQUE KEY `number` (`number`),
  ADD KEY `idx_categories_number` (`number`);

--
-- Индексы таблицы `Directions`
--
ALTER TABLE `Directions`
  ADD PRIMARY KEY (`code`),
  ADD KEY `fk_vsh_code` (`vsh_code`);

--
-- Индексы таблицы `Groups`
--
ALTER TABLE `Groups`
  ADD PRIMARY KEY (`id`),
  ADD KEY `fk_direction_id` (`direction_id`);

--
-- Индексы таблицы `Schools`
--
ALTER TABLE `Schools`
  ADD PRIMARY KEY (`code`);

--
-- Индексы таблицы `StudentCategories`
--
ALTER TABLE `StudentCategories`
  ADD PRIMARY KEY (`id`),
  ADD KEY `fk_student_cat_id` (`student_id`),
  ADD KEY `fk_category_cat_id` (`category_id`);

--
-- Индексы таблицы `StudentReasons`
--
ALTER TABLE `StudentReasons`
  ADD PRIMARY KEY (`id`),
  ADD UNIQUE KEY `unique_student_month` (`student_id`,`month`),
  ADD KEY `fk_category_id` (`category_id`);

--
-- Индексы таблицы `Students`
--
ALTER TABLE `Students`
  ADD PRIMARY KEY (`id`),
  ADD KEY `fk_group_id` (`group_id`);

--
-- Индексы таблицы `TemplateVariables`
--
ALTER TABLE `TemplateVariables`
  ADD PRIMARY KEY (`id`),
  ADD UNIQUE KEY `unique_template` (`school_code`,`academic_year`,`placeholder`);

--
-- AUTO_INCREMENT для сохранённых таблиц
--

--
-- AUTO_INCREMENT для таблицы `AcademicYears`
--
ALTER TABLE `AcademicYears`
  MODIFY `id` int(11) NOT NULL AUTO_INCREMENT, AUTO_INCREMENT=7;

--
-- AUTO_INCREMENT для таблицы `categories`
--
ALTER TABLE `categories`
  MODIFY `id` int(11) NOT NULL AUTO_INCREMENT, AUTO_INCREMENT=32;

--
-- AUTO_INCREMENT для таблицы `Directions`
--
ALTER TABLE `Directions`
  MODIFY `code` int(11) NOT NULL AUTO_INCREMENT, AUTO_INCREMENT=5;

--
-- AUTO_INCREMENT для таблицы `Groups`
--
ALTER TABLE `Groups`
  MODIFY `id` int(11) NOT NULL AUTO_INCREMENT, AUTO_INCREMENT=10;

--
-- AUTO_INCREMENT для таблицы `Schools`
--
ALTER TABLE `Schools`
  MODIFY `code` int(11) NOT NULL AUTO_INCREMENT, AUTO_INCREMENT=10;

--
-- AUTO_INCREMENT для таблицы `StudentCategories`
--
ALTER TABLE `StudentCategories`
  MODIFY `id` int(11) NOT NULL AUTO_INCREMENT, AUTO_INCREMENT=95;

--
-- AUTO_INCREMENT для таблицы `StudentReasons`
--
ALTER TABLE `StudentReasons`
  MODIFY `id` int(11) NOT NULL AUTO_INCREMENT, AUTO_INCREMENT=98;

--
-- AUTO_INCREMENT для таблицы `Students`
--
ALTER TABLE `Students`
  MODIFY `id` int(11) NOT NULL AUTO_INCREMENT, AUTO_INCREMENT=221;

--
-- AUTO_INCREMENT для таблицы `TemplateVariables`
--
ALTER TABLE `TemplateVariables`
  MODIFY `id` int(11) NOT NULL AUTO_INCREMENT, AUTO_INCREMENT=2564;

--
-- Ограничения внешнего ключа сохраненных таблиц
--

--
-- Ограничения внешнего ключа таблицы `Directions`
--
ALTER TABLE `Directions`
  ADD CONSTRAINT `fk_vsh_code` FOREIGN KEY (`vsh_code`) REFERENCES `Schools` (`code`) ON DELETE CASCADE;

--
-- Ограничения внешнего ключа таблицы `Groups`
--
ALTER TABLE `Groups`
  ADD CONSTRAINT `fk_direction_id` FOREIGN KEY (`direction_id`) REFERENCES `Directions` (`code`) ON DELETE CASCADE;

--
-- Ограничения внешнего ключа таблицы `StudentCategories`
--
ALTER TABLE `StudentCategories`
  ADD CONSTRAINT `fk_category_cat_id` FOREIGN KEY (`category_id`) REFERENCES `categories` (`id`) ON DELETE CASCADE,
  ADD CONSTRAINT `fk_student_cat_id` FOREIGN KEY (`student_id`) REFERENCES `Students` (`id`) ON DELETE CASCADE;

--
-- Ограничения внешнего ключа таблицы `StudentReasons`
--
ALTER TABLE `StudentReasons`
  ADD CONSTRAINT `fk_category_id` FOREIGN KEY (`category_id`) REFERENCES `categories` (`id`) ON DELETE CASCADE,
  ADD CONSTRAINT `fk_student_id` FOREIGN KEY (`student_id`) REFERENCES `Students` (`id`) ON DELETE CASCADE;

--
-- Ограничения внешнего ключа таблицы `Students`
--
ALTER TABLE `Students`
  ADD CONSTRAINT `fk_group_id` FOREIGN KEY (`group_id`) REFERENCES `Groups` (`id`) ON DELETE CASCADE;

--
-- Ограничения внешнего ключа таблицы `TemplateVariables`
--
ALTER TABLE `TemplateVariables`
  ADD CONSTRAINT `templatevariables_ibfk_1` FOREIGN KEY (`school_code`) REFERENCES `Schools` (`code`) ON DELETE CASCADE;
COMMIT;

/*!40101 SET CHARACTER_SET_CLIENT=@OLD_CHARACTER_SET_CLIENT */;
/*!40101 SET CHARACTER_SET_RESULTS=@OLD_CHARACTER_SET_RESULTS */;
/*!40101 SET COLLATION_CONNECTION=@OLD_COLLATION_CONNECTION */;
